state,district,market,commodity,variety,grade,arrival_date,min_price,max_price,modal_price,arrival
Maharashtra,Nashik,Nashik,Tomato,Demo,FAQ,2025-08-31,2316.98,2606.73,2440.87,102.1
Maharashtra,Pune,Pune,Tomato,Demo,FAQ,2025-08-31,2577.75,2844.73,2667.17,89.7
Maharashtra,Nagpur,Nagpur,Tomato,Demo,FAQ,2025-08-31,2161.04,2412.46,2319.64,145.1
Maharashtra,Nashik,Nashik,Onion,Demo,FAQ,2025-08-31,1884.86,2174.61,2001.94,87.8
Maharashtra,Pune,Pune,Onion,Demo,FAQ,2025-08-31,2099.95,2386.57,2262.23,145.1
Maharashtra,Nagpur,Nagpur,Onion,Demo,FAQ,2025-08-31,1765.73,1987.57,1901.19,152.7
Maharashtra,Nashik,Nashik,Potato,Demo,FAQ,2025-08-31,1766.55,2065.53,1909.72,154.6
Maharashtra,Pune,Pune,Potato,Demo,FAQ,2025-08-31,1695.52,2041.9,1872.59,113.6
Maharashtra,Nagpur,Nagpur,Potato,Demo,FAQ,2025-08-31,1553.44,1779.58,1652.9,113.6
Maharashtra,Nashik,Nashik,Soyabean,Demo,FAQ,2025-08-31,4552.73,4796.46,4648.16,138.4
Maharashtra,Pune,Pune,Soyabean,Demo,FAQ,2025-08-31,4834.55,5123.88,5011.3,148.9
Maharashtra,Nagpur,Nagpur,Soyabean,Demo,FAQ,2025-08-31,4279.7,4505.6,4406.65,155.6
Maharashtra,Nashik,Nashik,Wheat,Demo,FAQ,2025-08-31,2463.06,2693.32,2590.63,127.9
Maharashtra,Pune,Pune,Wheat,Demo,FAQ,2025-08-31,2708.66,2995.64,2832.37,156.5
Maharashtra,Nagpur,Nagpur,Wheat,Demo,FAQ,2025-08-31,2252.52,2526.99,2363.76,95.5
Maharashtra,Nashik,Nashik,Tomato,Demo,FAQ,2025-09-07,2343.43,2571.01,2462.18,166.8
Maharashtra,Pune,Pune,Tomato,Demo,FAQ,2025-09-07,2594.92,2788.88,2688.89,122.1
Maharashtra,Nagpur,Nagpur,Tomato,Demo,FAQ,2025-09-07,2183.74,2488.91,2342.43,118.1
Maharashtra,Nashik,Nashik,Onion,Demo,FAQ,2025-09-07,1801.39,2085.35,1959.46,108.2
Maharashtra,Pune,Pune,Onion,Demo,FAQ,2025-09-07,2113.67,2299.11,2207.65,133.0
Maharashtra,Nagpur,Nagpur,Onion,Demo,FAQ,2025-09-07,1803.31,2066.94,1930.42,136.0
Maharashtra,Nashik,Nashik,Potato,Demo,FAQ,2025-09-07,1650.66,1929.49,1794.13,117.1
Maharashtra,Pune,Pune,Potato,Demo,FAQ,2025-09-07,1959.27,2152.75,2069.67,125.1
Maharashtra,Nagpur,Nagpur,Potato,Demo,FAQ,2025-09-07,1577.38,1799.69,1678.84,93.3
Maharashtra,Nashik,Nashik,Soyabean,Demo,FAQ,2025-09-07,4377.84,4567.07,4481.24,121.1
Maharashtra,Pune,Pune,Soyabean,Demo,FAQ,2025-09-07,4734.62,4990.17,4843.98,165.8
Maharashtra,Nagpur,Nagpur,Soyabean,Demo,FAQ,2025-09-07,4324.66,4629.48,4483.05,138.0
Maharashtra,Nashik,Nashik,Wheat,Demo,FAQ,2025-09-07,2435.8,2693.9,2597.2,130.0
Maharashtra,Pune,Pune,Wheat,Demo,FAQ,2025-09-07,2651.75,2892.99,2740.75,102.2
Maharashtra,Nagpur,Nagpur,Wheat,Demo,FAQ,2025-09-07,2496.63,2722.86,2592.76,147.9
Maharashtra,Nashik,Nashik,Tomato,Demo,FAQ,2025-09-14,2371.9,2646.14,2521.53,160.9
Maharashtra,Pune,Pune,Tomato,Demo,FAQ,2025-09-14,2491.87,2745.05,2602.02,141.3
Maharashtra,Nagpur,Nagpur,Tomato,Demo,FAQ,2025-09-14,2072.59,2253.16,2161.36,102.1
Maharashtra,Nashik,Nashik,Onion,Demo,FAQ,2025-09-14,1873.31,2194.14,2044.17,143.3
Maharashtra,Pune,Pune,Onion,Demo,FAQ,2025-09-14,2091.54,2426.33,2268.46,127.9
Maharashtra,Nagpur,Nagpur,Onion,Demo,FAQ,2025-09-14,2027.4,2259.56,2152.34,142.3
Maharashtra,Nashik,Nashik,Potato,Demo,FAQ,2025-09-14,1579.58,1875.41,1749.84,154.7
Maharashtra,Pune,Pune,Potato,Demo,FAQ,2025-09-14,1695.96,1944.48,1806.56,120.6
Maharashtra,Nagpur,Nagpur,Potato,Demo,FAQ,2025-09-14,1526.88,1848.39,1692.54,162.9
Maharashtra,Nashik,Nashik,Soyabean,Demo,FAQ,2025-09-14,4477.09,4743.03,4600.3,108.3
Maharashtra,Pune,Pune,Soyabean,Demo,FAQ,2025-09-14,4861.07,5094.5,5006.05,168.1
Maharashtra,Nagpur,Nagpur,Soyabean,Demo,FAQ,2025-09-14,4501.19,4714.75,4585.35,96.9
Maharashtra,Nashik,Nashik,Wheat,Demo,FAQ,2025-09-14,2669.6,2854.39,2764.05,117.5
Maharashtra,Pune,Pune,Wheat,Demo,FAQ,2025-09-14,2574.13,2843.7,2671.19,156.7
Maharashtra,Nagpur,Nagpur,Wheat,Demo,FAQ,2025-09-14,2402.37,2656.15,2517.06,163.9
Maharashtra,Nashik,Nashik,Tomato,Demo,FAQ,2025-09-21,2289.91,2593.99,2465.76,107.9
Maharashtra,Pune,Pune,Tomato,Demo,FAQ,2025-09-21,2591.78,2808.72,2680.05,173.1
Maharashtra,Nagpur,Nagpur,Tomato,Demo,FAQ,2025-09-21,2568.31,2879.27,2742.09,124.0
Maharashtra,Nashik,Nashik,Onion,Demo,FAQ,2025-09-21,1829.89,2049.74,1936.59,113.3
Maharashtra,Pune,Pune,Onion,Demo,FAQ,2025-09-21,2168.7,2374.75,2292.59,128.2
Maharashtra,Nagpur,Nagpur,Onion,Demo,FAQ,2025-09-21,2050.73,2314.37,2220.35,179.5
Maharashtra,Nashik,Nashik,Potato,Demo,FAQ,2025-09-21,1677.3,1915.38,1768.15,158.1
Maharashtra,Pune,Pune,Potato,Demo,FAQ,2025-09-21,1883.28,2192.84,2035.98,132.5
Maharashtra,Nagpur,Nagpur,Potato,Demo,FAQ,2025-09-21,1738.76,2013.38,1910.36,157.1
Maharashtra,Nashik,Nashik,Soyabean,Demo,FAQ,2025-09-21,4441.13,4693.71,4576.62,128.2
Maharashtra,Pune,Pune,Soyabean,Demo,FAQ,2025-09-21,4583.04,4855.58,4743.86,122.9
Maharashtra,Nagpur,Nagpur,Soyabean,Demo,FAQ,2025-09-21,4595.13,4835.73,4704.22,177.4
Maharashtra,Nashik,Nashik,Wheat,Demo,FAQ,2025-09-21,2513.94,2784.0,2687.54,168.8
Maharashtra,Pune,Pune,Wheat,Demo,FAQ,2025-09-21,2664.32,2967.07,2787.83,179.5
Maharashtra,Nagpur,Nagpur,Wheat,Demo,FAQ,2025-09-21,2458.28,2782.22,2613.14,179.5
Maharashtra,Nashik,Nashik,Tomato,Demo,FAQ,2025-09-28,2373.56,2617.04,2505.45,106.0
Maharashtra,Pune,Pune,Tomato,Demo,FAQ,2025-09-28,2549.84,2813.38,2696.01,143.5
Maharashtra,Nagpur,Nagpur,Tomato,Demo,FAQ,2025-09-28,2316.46,2577.38,2471.13,114.8
Maharashtra,Nashik,Nashik,Onion,Demo,FAQ,2025-09-28,1968.65,2165.02,2072.75,182.1
Maharashtra,Pune,Pune,Onion,Demo,FAQ,2025-09-28,2481.19,2674.45,2576.52,175.5
Maharashtra,Nagpur,Nagpur,Onion,Demo,FAQ,2025-09-28,2127.6,2394.7,2295.06,132.5
Maharashtra,Nashik,Nashik,Potato,Demo,FAQ,2025-09-28,1654.58,1989.5,1812.32,134.7
Maharashtra,Pune,Pune,Potato,Demo,FAQ,2025-09-28,1974.68,2150.46,2069.07,182.1
Maharashtra,Nagpur,Nagpur,Potato,Demo,FAQ,2025-09-28,1895.4,2136.35,1988.58,156.8
Maharashtra,Nashik,Nashik,Soyabean,Demo,FAQ,2025-09-28,4343.03,4623.09,4473.66,128.1
Maharashtra,Pune,Pune,Soyabean,Demo,FAQ,2025-09-28,4623.45,4883.84,4723.43,171.1
Maharashtra,Nagpur,Nagpur,Soyabean,Demo,FAQ,2025-09-28,4575.69,4822.7,4729.59,174.4
Maharashtra,Nashik,Nashik,Wheat,Demo,FAQ,2025-09-28,2551.49,2790.44,2661.58,114.8
Maharashtra,Pune,Pune,Wheat,Demo,FAQ,2025-09-28,2758.69,3042.9,2934.26,135.8
Maharashtra,Nagpur,Nagpur,Wheat,Demo,FAQ,2025-09-28,2453.68,2671.69,2536.17,143.5
Maharashtra,Nashik,Nashik,Tomato,Demo,FAQ,2025-10-05,2475.8,2660.42,2566.39,165.9
Maharashtra,Pune,Pune,Tomato,Demo,FAQ,2025-10-05,2545.96,2862.19,2722.59,105.7
Maharashtra,Nagpur,Nagpur,Tomato,Demo,FAQ,2025-10-05,2182.37,2469.55,2342.81,136.3
Maharashtra,Nashik,Nashik,Onion,Demo,FAQ,2025-10-05,2092.53,2265.23,2174.32,178.4
Maharashtra,Pune,Pune,Onion,Demo,FAQ,2025-10-05,2148.03,2410.97,2307.71,189.7
Maharashtra,Nagpur,Nagpur,Onion,Demo,FAQ,2025-10-05,1985.08,2292.45,2125.68,182.9
Maharashtra,Nashik,Nashik,Potato,Demo,FAQ,2025-10-05,2089.27,2327.94,2210.53,159.0
Maharashtra,Pune,Pune,Potato,Demo,FAQ,2025-10-05,2084.87,2396.81,2230.06,164.7
Maharashtra,Nagpur,Nagpur,Potato,Demo,FAQ,2025-10-05,1564.37,1772.82,1669.15,192.0
Maharashtra,Nashik,Nashik,Soyabean,Demo,FAQ,2025-10-05,4451.93,4704.11,4613.59,188.6
Maharashtra,Pune,Pune,Soyabean,Demo,FAQ,2025-10-05,4615.17,4849.23,4754.61,180.6
Maharashtra,Nagpur,Nagpur,Soyabean,Demo,FAQ,2025-10-05,4741.61,4947.03,4852.64,106.8
Maharashtra,Nashik,Nashik,Wheat,Demo,FAQ,2025-10-05,2741.93,2946.95,2838.48,145.4
Maharashtra,Pune,Pune,Wheat,Demo,FAQ,2025-10-05,2787.59,2961.26,2879.14,114.7
Maharashtra,Nagpur,Nagpur,Wheat,Demo,FAQ,2025-10-05,2515.77,2698.57,2613.23,192.0
Maharashtra,Nashik,Nashik,Tomato,Demo,FAQ,2025-10-12,2477.12,2744.56,2625.2,189.7
Maharashtra,Pune,Pune,Tomato,Demo,FAQ,2025-10-12,2630.37,2928.32,2760.82,179.3
Maharashtra,Nagpur,Nagpur,Tomato,Demo,FAQ,2025-10-12,2297.68,2480.17,2382.02,130.4
Maharashtra,Nashik,Nashik,Onion,Demo,FAQ,2025-10-12,2501.36,2743.42,2606.3,117.6
Maharashtra,Pune,Pune,Onion,Demo,FAQ,2025-10-12,2379.99,2582.27,2464.91,181.6
Maharashtra,Nagpur,Nagpur,Onion,Demo,FAQ,2025-10-12,2109.78,2363.3,2199.95,166.5
Maharashtra,Nashik,Nashik,Potato,Demo,FAQ,2025-10-12,1827.66,2090.05,2000.14,117.6
Maharashtra,Pune,Pune,Potato,Demo,FAQ,2025-10-12,2059.64,2407.86,2229.9,156.0
Maharashtra,Nagpur,Nagpur,Potato,Demo,FAQ,2025-10-12,1654.08,1956.28,1812.03,132.7
Maharashtra,Nashik,Nashik,Soyabean,Demo,FAQ,2025-10-12,4640.1,4867.16,4733.55,192.1
Maharashtra,Pune,Pune,Soyabean,Demo,FAQ,2025-10-12,4771.16,5063.2,4936.92,131.5
Maharashtra,Nagpur,Nagpur,Soyabean,Demo,FAQ,2025-10-12,4496.23,4746.84,4640.19,195.6
Maharashtra,Nashik,Nashik,Wheat,Demo,FAQ,2025-10-12,2596.19,2845.67,2723.98,119.9
Maharashtra,Pune,Pune,Wheat,Demo,FAQ,2025-10-12,3009.14,3242.53,3125.89,154.8
Maharashtra,Nagpur,Nagpur,Wheat,Demo,FAQ,2025-10-12,2511.24,2777.76,2629.19,185.1
Maharashtra,Nashik,Nashik,Tomato,Demo,FAQ,2025-10-19,2374.56,2721.08,2549.44,115.1
Maharashtra,Pune,Pune,Tomato,Demo,FAQ,2025-10-19,2834.62,3081.0,2947.45,161.4
Maharashtra,Nagpur,Nagpur,Tomato,Demo,FAQ,2025-10-19,2553.59,2859.29,2698.85,143.6
Maharashtra,Nashik,Nashik,Onion,Demo,FAQ,2025-10-19,2110.7,2362.8,2253.99,146.0
Maharashtra,Pune,Pune,Onion,Demo,FAQ,2025-10-19,2458.09,2707.81,2558.33,140.1
Maharashtra,Nagpur,Nagpur,Onion,Demo,FAQ,2025-10-19,2025.26,2256.21,2166.7,112.8
Maharashtra,Nashik,Nashik,Potato,Demo,FAQ,2025-10-19,2119.6,2381.65,2208.05,108.0
Maharashtra,Pune,Pune,Potato,Demo,FAQ,2025-10-19,1955.65,2291.63,2131.54,118.7
Maharashtra,Nagpur,Nagpur,Potato,Demo,FAQ,2025-10-19,1912.66,2230.44,2070.92,135.3
Maharashtra,Nashik,Nashik,Soyabean,Demo,FAQ,2025-10-19,4562.59,4806.94,4667.93,137.7
Maharashtra,Pune,Pune,Soyabean,Demo,FAQ,2025-10-19,4717.42,4956.17,4859.04,131.8
Maharashtra,Nagpur,Nagpur,Soyabean,Demo,FAQ,2025-10-19,4690.97,4954.81,4828.21,195.9
Maharashtra,Nashik,Nashik,Wheat,Demo,FAQ,2025-10-19,2669.71,2986.02,2826.1,194.7
Maharashtra,Pune,Pune,Wheat,Demo,FAQ,2025-10-19,2993.56,3306.65,3133.52,125.8
Maharashtra,Nagpur,Nagpur,Wheat,Demo,FAQ,2025-10-19,2668.77,2849.26,2760.49,156.7
Maharashtra,Nashik,Nashik,Tomato,Demo,FAQ,2025-10-26,2530.13,2809.43,2652.0,174.6
Maharashtra,Pune,Pune,Tomato,Demo,FAQ,2025-10-26,2742.08,3025.28,2855.44,130.1
Maharashtra,Nagpur,Nagpur,Tomato,Demo,FAQ,2025-10-26,2428.87,2652.34,2535.92,112.0
Maharashtra,Nashik,Nashik,Onion,Demo,FAQ,2025-10-26,2194.33,2384.87,2290.09,148.1
Maharashtra,Pune,Pune,Onion,Demo,FAQ,2025-10-26,2453.98,2696.1,2577.77,109.6
Maharashtra,Nagpur,Nagpur,Onion,Demo,FAQ,2025-10-26,2250.27,2559.18,2385.57,110.8
Maharashtra,Nashik,Nashik,Potato,Demo,FAQ,2025-10-26,1904.13,2149.71,2032.07,145.7
Maharashtra,Pune,Pune,Potato,Demo,FAQ,2025-10-26,2165.49,2492.39,2317.27,130.1
Maharashtra,Nagpur,Nagpur,Potato,Demo,FAQ,2025-10-26,1809.23,2117.99,1974.29,125.3
Maharashtra,Nashik,Nashik,Soyabean,Demo,FAQ,2025-10-26,4428.54,4715.98,4567.37,120.4
Maharashtra,Pune,Pune,Soyabean,Demo,FAQ,2025-10-26,4845.31,5133.28,4970.74,193.9
Maharashtra,Nagpur,Nagpur,Soyabean,Demo,FAQ,2025-10-26,4431.74,4681.83,4557.59,160.2
Maharashtra,Nashik,Nashik,Wheat,Demo,FAQ,2025-10-26,2688.7,3018.68,2860.55,179.5
Maharashtra,Pune,Pune,Wheat,Demo,FAQ,2025-10-26,2608.56,2956.18,2788.26,171.0
Maharashtra,Nagpur,Nagpur,Wheat,Demo,FAQ,2025-10-26,2487.49,2741.82,2651.18,145.7
Maharashtra,Nashik,Nashik,Tomato,Demo,FAQ,2025-11-02,2550.54,2809.29,2639.58,154.4
Maharashtra,Pune,Pune,Tomato,Demo,FAQ,2025-11-02,2732.52,2930.91,2836.6,131.3
Maharashtra,Nagpur,Nagpur,Tomato,Demo,FAQ,2025-11-02,2446.79,2717.67,2546.61,181.1
Maharashtra,Nashik,Nashik,Onion,Demo,FAQ,2025-11-02,2301.92,2466.08,2385.54,122.8
Maharashtra,Pune,Pune,Onion,Demo,FAQ,2025-11-02,2431.95,2732.69,2572.54,130.1
Maharashtra,Nagpur,Nagpur,Onion,Demo,FAQ,2025-11-02,1880.19,2130.86,2045.13,161.7
Maharashtra,Nashik,Nashik,Potato,Demo,FAQ,2025-11-02,1940.15,2270.14,2112.93,193.3
Maharashtra,Pune,Pune,Potato,Demo,FAQ,2025-11-02,2139.9,2387.72,2303.7,125.2
Maharashtra,Nagpur,Nagpur,Potato,Demo,FAQ,2025-11-02,1738.17,1961.11,1830.66,164.1
Maharashtra,Nashik,Nashik,Soyabean,Demo,FAQ,2025-11-02,4842.42,5150.54,4985.43,160.4
Maharashtra,Pune,Pune,Soyabean,Demo,FAQ,2025-11-02,4748.21,5000.97,4901.67,113.0
Maharashtra,Nagpur,Nagpur,Soyabean,Demo,FAQ,2025-11-02,4529.04,4858.05,4680.03,171.4
Maharashtra,Nashik,Nashik,Wheat,Demo,FAQ,2025-11-02,2571.68,2798.76,2657.13,171.4
Maharashtra,Pune,Pune,Wheat,Demo,FAQ,2025-11-02,2861.54,3180.92,3029.96,181.1
Maharashtra,Nagpur,Nagpur,Wheat,Demo,FAQ,2025-11-02,2745.22,2932.74,2834.39,127.6
Maharashtra,Nashik,Nashik,Tomato,Demo,FAQ,2025-11-09,2380.74,2665.0,2506.59,148.8
Maharashtra,Pune,Pune,Tomato,Demo,FAQ,2025-11-09,2625.01,2856.77,2762.25,195.2
Maharashtra,Nagpur,Nagpur,Tomato,Demo,FAQ,2025-11-09,2583.31,2831.25,2693.44,122.0
Maharashtra,Nashik,Nashik,Onion,Demo,FAQ,2025-11-09,2318.11,2637.09,2463.03,201.3
Maharashtra,Pune,Pune,Onion,Demo,FAQ,2025-11-09,2400.13,2651.37,2530.97,201.3
Maharashtra,Nagpur,Nagpur,Onion,Demo,FAQ,2025-11-09,2377.16,2562.49,2469.09,202.5
Maharashtra,Nashik,Nashik,Potato,Demo,FAQ,2025-11-09,1943.72,2176.98,2054.19,140.3
Maharashtra,Pune,Pune,Potato,Demo,FAQ,2025-11-09,2081.47,2346.11,2224.93,165.9
Maharashtra,Nagpur,Nagpur,Potato,Demo,FAQ,2025-11-09,1733.2,1973.79,1834.96,162.2
Maharashtra,Nashik,Nashik,Soyabean,Demo,FAQ,2025-11-09,4617.27,4822.72,4700.88,186.6
Maharashtra,Pune,Pune,Soyabean,Demo,FAQ,2025-11-09,5114.87,5354.68,5217.43,204.9
Maharashtra,Nagpur,Nagpur,Soyabean,Demo,FAQ,2025-11-09,4626.49,4921.48,4776.69,167.1
Maharashtra,Nashik,Nashik,Wheat,Demo,FAQ,2025-11-09,2745.58,3015.95,2857.2,148.8
Maharashtra,Pune,Pune,Wheat,Demo,FAQ,2025-11-09,2989.48,3255.23,3112.63,152.5
Maharashtra,Nagpur,Nagpur,Wheat,Demo,FAQ,2025-11-09,2915.41,3200.36,3046.68,196.4
Maharashtra,Nashik,Nashik,Tomato,Demo,FAQ,2025-11-16,2482.4,2784.87,2654.51,116.9
Maharashtra,Pune,Pune,Tomato,Demo,FAQ,2025-11-16,2613.09,2884.52,2773.08,135.2
Maharashtra,Nagpur,Nagpur,Tomato,Demo,FAQ,2025-11-16,2311.93,2532.93,2441.34,187.5
Maharashtra,Nashik,Nashik,Onion,Demo,FAQ,2025-11-16,2259.2,2508.95,2423.4,164.4
Maharashtra,Pune,Pune,Onion,Demo,FAQ,2025-11-16,2345.76,2556.47,2459.18,163.2
Maharashtra,Nagpur,Nagpur,Onion,Demo,FAQ,2025-11-16,2201.52,2437.26,2355.79,132.7
Maharashtra,Nashik,Nashik,Potato,Demo,FAQ,2025-11-16,1638.97,1921.85,1804.63,196.0
Maharashtra,Pune,Pune,Potato,Demo,FAQ,2025-11-16,2160.86,2392.91,2300.95,166.8
Maharashtra,Nagpur,Nagpur,Potato,Demo,FAQ,2025-11-16,1411.94,1767.33,1587.78,126.6
Maharashtra,Nashik,Nashik,Soyabean,Demo,FAQ,2025-11-16,4784.62,5044.48,4895.71,116.9
Maharashtra,Pune,Pune,Soyabean,Demo,FAQ,2025-11-16,4687.43,4950.3,4806.21,153.4
Maharashtra,Nagpur,Nagpur,Soyabean,Demo,FAQ,2025-11-16,4632.29,4865.7,4733.19,180.2
Maharashtra,Nashik,Nashik,Wheat,Demo,FAQ,2025-11-16,2827.13,3087.35,2923.72,180.2
Maharashtra,Pune,Pune,Wheat,Demo,FAQ,2025-11-16,3053.4,3352.9,3189.0,191.2
Maharashtra,Nagpur,Nagpur,Wheat,Demo,FAQ,2025-11-16,2809.66,3028.64,2903.82,185.1
Maharashtra,Nashik,Nashik,Tomato,Demo,FAQ,2025-11-23,2507.45,2750.98,2595.45,178.9
Maharashtra,Pune,Pune,Tomato,Demo,FAQ,2025-11-23,2702.61,2924.61,2829.54,116.0
Maharashtra,Nagpur,Nagpur,Tomato,Demo,FAQ,2025-11-23,2264.91,2520.08,2435.62,140.2
Maharashtra,Nashik,Nashik,Onion,Demo,FAQ,2025-11-23,2051.46,2289.68,2160.66,186.1
Maharashtra,Pune,Pune,Onion,Demo,FAQ,2025-11-23,2506.96,2724.7,2636.29,198.2
Maharashtra,Nagpur,Nagpur,Onion,Demo,FAQ,2025-11-23,1881.82,2189.94,2046.18,201.9
Maharashtra,Nashik,Nashik,Potato,Demo,FAQ,2025-11-23,1880.03,2183.34,2027.05,110.0
Maharashtra,Pune,Pune,Potato,Demo,FAQ,2025-11-23,2106.3,2356.91,2222.96,112.4
Maharashtra,Nagpur,Nagpur,Potato,Demo,FAQ,2025-11-23,1863.63,2156.33,2028.07,170.4
Maharashtra,Nashik,Nashik,Soyabean,Demo,FAQ,2025-11-23,4718.92,5014.6,4884.12,181.3
Maharashtra,Pune,Pune,Soyabean,Demo,FAQ,2025-11-23,4822.99,5126.73,4961.7,201.9
Maharashtra,Nagpur,Nagpur,Soyabean,Demo,FAQ,2025-11-23,4469.34,4732.36,4599.22,165.6
Maharashtra,Nashik,Nashik,Wheat,Demo,FAQ,2025-11-23,2622.04,2913.63,2741.9,131.8
Maharashtra,Pune,Pune,Wheat,Demo,FAQ,2025-11-23,2906.94,3118.58,3004.69,164.4
Maharashtra,Nagpur,Nagpur,Wheat,Demo,FAQ,2025-11-23,2754.8,3010.03,2837.28,164.4
Maharashtra,Nashik,Nashik,Tomato,Demo,FAQ,2025-11-30,2605.04,2855.64,2715.79,149.2
Maharashtra,Pune,Pune,Tomato,Demo,FAQ,2025-11-30,2684.02,2942.12,2791.82,194.5
Maharashtra,Nagpur,Nagpur,Tomato,Demo,FAQ,2025-11-30,2394.58,2714.8,2572.76,198.1
Maharashtra,Nashik,Nashik,Onion,Demo,FAQ,2025-11-30,2343.59,2670.07,2499.73,107.4
Maharashtra,Pune,Pune,Onion,Demo,FAQ,2025-11-30,2034.47,2368.99,2210.79,191.0
Maharashtra,Nagpur,Nagpur,Onion,Demo,FAQ,2025-11-30,2029.91,2274.56,2121.32,182.6
Maharashtra,Nashik,Nashik,Potato,Demo,FAQ,2025-11-30,1773.48,2054.2,1908.79,181.4
Maharashtra,Pune,Pune,Potato,Demo,FAQ,2025-11-30,2214.86,2502.14,2393.31,138.4
Maharashtra,Nagpur,Nagpur,Potato,Demo,FAQ,2025-11-30,2013.54,2283.18,2168.54,187.4
Maharashtra,Nashik,Nashik,Soyabean,Demo,FAQ,2025-11-30,4567.67,4809.5,4651.77,142.0
Maharashtra,Pune,Pune,Soyabean,Demo,FAQ,2025-11-30,4758.95,5064.01,4937.51,175.4
Maharashtra,Nagpur,Nagpur,Soyabean,Demo,FAQ,2025-11-30,4415.83,4696.35,4536.98,112.2
Maharashtra,Nashik,Nashik,Wheat,Demo,FAQ,2025-11-30,2867.37,3163.12,3002.91,127.7
Maharashtra,Pune,Pune,Wheat,Demo,FAQ,2025-11-30,2902.66,3148.61,3064.91,186.2
Maharashtra,Nagpur,Nagpur,Wheat,Demo,FAQ,2025-11-30,2462.84,2638.64,2547.71,127.7
Maharashtra,Nashik,Nashik,Tomato,Demo,FAQ,2025-12-07,2524.69,2833.38,2676.01,170.0
Maharashtra,Pune,Pune,Tomato,Demo,FAQ,2025-12-07,2547.04,2861.07,2700.99,184.1
Maharashtra,Nagpur,Nagpur,Tomato,Demo,FAQ,2025-12-07,2473.32,2718.97,2576.78,148.9
Maharashtra,Nashik,Nashik,Onion,Demo,FAQ,2025-12-07,2214.45,2426.36,2294.9,181.7
Maharashtra,Pune,Pune,Onion,Demo,FAQ,2025-12-07,2340.46,2543.55,2423.42,143.0
Maharashtra,Nagpur,Nagpur,Onion,Demo,FAQ,2025-12-07,2051.22,2302.15,2198.38,151.2
Maharashtra,Nashik,Nashik,Potato,Demo,FAQ,2025-12-07,1643.44,1923.58,1758.24,184.1
Maharashtra,Pune,Pune,Potato,Demo,FAQ,2025-12-07,2010.11,2268.84,2149.15,134.8
Maharashtra,Nagpur,Nagpur,Potato,Demo,FAQ,2025-12-07,1744.78,2012.19,1913.43,168.8
Maharashtra,Nashik,Nashik,Soyabean,Demo,FAQ,2025-12-07,4803.13,5069.09,4917.33,171.2
Maharashtra,Pune,Pune,Soyabean,Demo,FAQ,2025-12-07,4901.81,5191.32,5081.68,189.9
Maharashtra,Nagpur,Nagpur,Soyabean,Demo,FAQ,2025-12-07,4613.62,4844.79,4707.3,180.5
Maharashtra,Nashik,Nashik,Wheat,Demo,FAQ,2025-12-07,2520.86,2811.63,2640.1,189.9
Maharashtra,Pune,Pune,Wheat,Demo,FAQ,2025-12-07,3126.08,3336.06,3219.52,179.4
Maharashtra,Nagpur,Nagpur,Wheat,Demo,FAQ,2025-12-07,2515.13,2697.1,2615.33,185.2
Maharashtra,Nashik,Nashik,Tomato,Demo,FAQ,2025-12-14,2394.24,2652.03,2537.7,112.3
Maharashtra,Pune,Pune,Tomato,Demo,FAQ,2025-12-14,2577.21,2908.33,2753.13,152.4
Maharashtra,Nagpur,Nagpur,Tomato,Demo,FAQ,2025-12-14,2325.24,2603.39,2433.69,128.3
Maharashtra,Nashik,Nashik,Onion,Demo,FAQ,2025-12-14,2024.77,2308.21,2137.31,155.8
Maharashtra,Pune,Pune,Onion,Demo,FAQ,2025-12-14,2275.03,2568.33,2429.26,158.1
Maharashtra,Nagpur,Nagpur,Onion,Demo,FAQ,2025-12-14,2164.73,2378.81,2274.67,140.9
Maharashtra,Nashik,Nashik,Potato,Demo,FAQ,2025-12-14,2046.74,2309.71,2142.28,131.8
Maharashtra,Pune,Pune,Potato,Demo,FAQ,2025-12-14,2102.05,2397.39,2238.2,177.6
Maharashtra,Nagpur,Nagpur,Potato,Demo,FAQ,2025-12-14,1798.11,2049.58,1921.95,185.6
Maharashtra,Nashik,Nashik,Soyabean,Demo,FAQ,2025-12-14,4844.73,5153.66,4992.19,163.9
Maharashtra,Pune,Pune,Soyabean,Demo,FAQ,2025-12-14,4773.12,5030.4,4931.88,171.9
Maharashtra,Nagpur,Nagpur,Soyabean,Demo,FAQ,2025-12-14,4746.69,4982.17,4836.88,183.3
Maharashtra,Nashik,Nashik,Wheat,Demo,FAQ,2025-12-14,2659.74,2914.31,2791.01,134.1
Maharashtra,Pune,Pune,Wheat,Demo,FAQ,2025-12-14,2930.25,3196.53,3106.23,158.1
Maharashtra,Nagpur,Nagpur,Wheat,Demo,FAQ,2025-12-14,2543.49,2734.65,2648.09,144.4
Maharashtra,Nashik,Nashik,Tomato,Demo,FAQ,2025-12-21,2391.25,2634.12,2522.86,114.8
Maharashtra,Pune,Pune,Tomato,Demo,FAQ,2025-12-21,2662.11,2871.72,2753.27,158.3
Maharashtra,Nagpur,Nagpur,Tomato,Demo,FAQ,2025-12-21,2508.76,2759.28,2658.58,137.1
Maharashtra,Nashik,Nashik,Onion,Demo,FAQ,2025-12-21,2280.29,2521.37,2399.71,185.1
Maharashtra,Pune,Pune,Onion,Demo,FAQ,2025-12-21,2389.84,2647.32,2481.04,178.4
Maharashtra,Nagpur,Nagpur,Onion,Demo,FAQ,2025-12-21,2100.41,2360.18,2231.23,132.7
Maharashtra,Nashik,Nashik,Potato,Demo,FAQ,2025-12-21,1721.93,2003.12,1845.06,152.7
Maharashtra,Pune,Pune,Potato,Demo,FAQ,2025-12-21,1953.97,2172.26,2060.01,168.4
Maharashtra,Nagpur,Nagpur,Potato,Demo,FAQ,2025-12-21,1531.01,1807.32,1658.99,139.4
Maharashtra,Nashik,Nashik,Soyabean,Demo,FAQ,2025-12-21,4894.95,5181.06,5008.02,142.7
Maharashtra,Pune,Pune,Soyabean,Demo,FAQ,2025-12-21,4719.78,4997.02,4845.86,128.2
Maharashtra,Nagpur,Nagpur,Soyabean,Demo,FAQ,2025-12-21,4654.94,4833.49,4739.67,182.9
Maharashtra,Nashik,Nashik,Wheat,Demo,FAQ,2025-12-21,2785.13,2964.89,2866.06,142.7
Maharashtra,Pune,Pune,Wheat,Demo,FAQ,2025-12-21,2988.46,3221.54,3079.52,169.5
Maharashtra,Nagpur,Nagpur,Wheat,Demo,FAQ,2025-12-21,2715.97,2991.91,2852.89,138.3
Maharashtra,Nashik,Nashik,Tomato,Demo,FAQ,2025-12-28,2316.35,2562.16,2396.82,151.3
Maharashtra,Pune,Pune,Tomato,Demo,FAQ,2025-12-28,2889.44,3143.01,2985.71,180.4
Maharashtra,Nagpur,Nagpur,Tomato,Demo,FAQ,2025-12-28,2307.4,2584.71,2412.83,118.9
Maharashtra,Nashik,Nashik,Onion,Demo,FAQ,2025-12-28,2057.85,2376.66,2198.19,136.1
Maharashtra,Pune,Pune,Onion,Demo,FAQ,2025-12-28,2445.01,2718.17,2606.33,103.7
Maharashtra,Nagpur,Nagpur,Onion,Demo,FAQ,2025-12-28,2156.68,2398.39,2296.76,134.0
Maharashtra,Nashik,Nashik,Potato,Demo,FAQ,2025-12-28,1984.48,2184.06,2096.25,101.6
Maharashtra,Pune,Pune,Potato,Demo,FAQ,2025-12-28,2096.25,2292.8,2210.9,177.2
Maharashtra,Nagpur,Nagpur,Potato,Demo,FAQ,2025-12-28,1700.74,2004.07,1853.26,171.8
Maharashtra,Nashik,Nashik,Soyabean,Demo,FAQ,2025-12-28,4915.77,5196.48,5027.48,152.4
Maharashtra,Pune,Pune,Soyabean,Demo,FAQ,2025-12-28,5039.48,5226.45,5132.08,179.4
Maharashtra,Nagpur,Nagpur,Soyabean,Demo,FAQ,2025-12-28,4491.49,4719.52,4588.79,158.8
Maharashtra,Nashik,Nashik,Wheat,Demo,FAQ,2025-12-28,2583.28,2745.34,2663.68,155.6
Maharashtra,Pune,Pune,Wheat,Demo,FAQ,2025-12-28,3047.25,3278.4,3185.71,163.2
Maharashtra,Nagpur,Nagpur,Wheat,Demo,FAQ,2025-12-28,2581.82,2883.48,2749.86,137.2
Maharashtra,Nashik,Nashik,Tomato,Demo,FAQ,2026-01-04,2366.92,2559.3,2474.24,120.6
Maharashtra,Pune,Pune,Tomato,Demo,FAQ,2026-01-04,2494.62,2750.46,2604.1,147.2
Maharashtra,Nagpur,Nagpur,Tomato,Demo,FAQ,2026-01-04,2207.91,2429.3,2289.73,145.1
Maharashtra,Nashik,Nashik,Onion,Demo,FAQ,2026-01-04,2263.85,2536.61,2431.24,143.1
Maharashtra,Pune,Pune,Onion,Demo,FAQ,2026-01-04,2217.37,2472.35,2352.73,120.6
Maharashtra,Nagpur,Nagpur,Onion,Demo,FAQ,2026-01-04,2097.07,2386.34,2249.65,165.6
Maharashtra,Nashik,Nashik,Potato,Demo,FAQ,2026-01-04,1809.93,2110.19,1988.27,132.9
Maharashtra,Pune,Pune,Potato,Demo,FAQ,2026-01-04,2098.96,2339.81,2180.2,120.6
Maharashtra,Nagpur,Nagpur,Potato,Demo,FAQ,2026-01-04,1813.68,2023.89,1934.48,160.4
Maharashtra,Nashik,Nashik,Soyabean,Demo,FAQ,2026-01-04,4722.01,4989.77,4841.51,117.5
Maharashtra,Pune,Pune,Soyabean,Demo,FAQ,2026-01-04,4810.76,5084.76,4986.92,135.9
Maharashtra,Nagpur,Nagpur,Soyabean,Demo,FAQ,2026-01-04,4710.77,5047.93,4876.67,155.3
Maharashtra,Nashik,Nashik,Wheat,Demo,FAQ,2026-01-04,2537.7,2818.03,2664.68,146.1
Maharashtra,Pune,Pune,Wheat,Demo,FAQ,2026-01-04,2839.72,3089.33,2957.63,121.6
Maharashtra,Nagpur,Nagpur,Wheat,Demo,FAQ,2026-01-04,2696.72,3008.13,2849.84,97.1
Maharashtra,Nashik,Nashik,Tomato,Demo,FAQ,2026-01-11,2682.22,2943.08,2772.68,163.2
Maharashtra,Pune,Pune,Tomato,Demo,FAQ,2026-01-11,2485.15,2734.94,2644.96,177.0
Maharashtra,Nagpur,Nagpur,Tomato,Demo,FAQ,2026-01-11,2502.24,2738.92,2656.6,107.0
Maharashtra,Nashik,Nashik,Onion,Demo,FAQ,2026-01-11,2396.2,2665.84,2513.91,104.9
Maharashtra,Pune,Pune,Onion,Demo,FAQ,2026-01-11,2304.65,2536.02,2424.11,135.6
Maharashtra,Nagpur,Nagpur,Onion,Demo,FAQ,2026-01-11,2428.67,2687.68,2566.77,175.9
Maharashtra,Nashik,Nashik,Potato,Demo,FAQ,2026-01-11,1928.05,2228.35,2101.59,137.8
Maharashtra,Pune,Pune,Potato,Demo,FAQ,2026-01-11,2126.62,2363.75,2244.34,145.2
Maharashtra,Nagpur,Nagpur,Potato,Demo,FAQ,2026-01-11,1790.7,2035.44,1886.98,148.4
Maharashtra,Nashik,Nashik,Soyabean,Demo,FAQ,2026-01-11,4377.38,4657.23,4552.87,108.1
Maharashtra,Pune,Pune,Soyabean,Demo,FAQ,2026-01-11,4606.88,4930.33,4762.23,142.0
Maharashtra,Nagpur,Nagpur,Soyabean,Demo,FAQ,2026-01-11,4501.88,4700.66,4602.08,106.0
Maharashtra,Nashik,Nashik,Wheat,Demo,FAQ,2026-01-11,2609.63,2842.42,2736.47,130.3
Maharashtra,Pune,Pune,Wheat,Demo,FAQ,2026-01-11,2840.62,3144.7,2968.77,169.6
Maharashtra,Nagpur,Nagpur,Wheat,Demo,FAQ,2026-01-11,2563.32,2783.93,2692.87,140.9
Maharashtra,Nashik,Nashik,Tomato,Demo,FAQ,2026-01-18,2452.83,2718.79,2562.31,151.2
Maharashtra,Pune,Pune,Tomato,Demo,FAQ,2026-01-18,2540.27,2888.89,2710.43,122.7
Maharashtra,Nagpur,Nagpur,Tomato,Demo,FAQ,2026-01-18,2155.16,2417.64,2330.46,120.5
Maharashtra,Nashik,Nashik,Onion,Demo,FAQ,2026-01-18,2188.01,2433.75,2298.46,103.0
Maharashtra,Pune,Pune,Onion,Demo,FAQ,2026-01-18,1949.01,2255.26,2113.59,127.1
Maharashtra,Nagpur,Nagpur,Onion,Demo,FAQ,2026-01-18,2000.33,2202.19,2096.86,128.2
Maharashtra,Nashik,Nashik,Potato,Demo,FAQ,2026-01-18,1761.19,2064.8,1926.38,142.4
Maharashtra,Pune,Pune,Potato,Demo,FAQ,2026-01-18,1900.71,2127.44,2010.31,124.9
Maharashtra,Nagpur,Nagpur,Potato,Demo,FAQ,2026-01-18,1754.55,2067.79,1910.55,109.6
Maharashtra,Nashik,Nashik,Soyabean,Demo,FAQ,2026-01-18,4780.23,5046.45,4954.38,143.5
Maharashtra,Pune,Pune,Soyabean,Demo,FAQ,2026-01-18,4796.7,4993.19,4886.74,141.3
Maharashtra,Nagpur,Nagpur,Soyabean,Demo,FAQ,2026-01-18,4436.69,4656.0,4534.64,150.1
Maharashtra,Nashik,Nashik,Wheat,Demo,FAQ,2026-01-18,2725.93,2981.48,2830.46,150.1
Maharashtra,Pune,Pune,Wheat,Demo,FAQ,2026-01-18,2885.23,3166.62,3052.69,101.9
Maharashtra,Nagpur,Nagpur,Wheat,Demo,FAQ,2026-01-18,2622.48,2831.8,2727.32,164.4
Maharashtra,Nashik,Nashik,Tomato,Demo,FAQ,2026-01-25,2327.75,2670.55,2501.75,143.3
Maharashtra,Pune,Pune,Tomato,Demo,FAQ,2026-01-25,2489.56,2750.38,2621.32,147.9
Maharashtra,Nagpur,Nagpur,Tomato,Demo,FAQ,2026-01-25,2285.87,2542.99,2419.53,145.6
Maharashtra,Nashik,Nashik,Onion,Demo,FAQ,2026-01-25,2156.42,2424.21,2248.98,184.0
Maharashtra,Pune,Pune,Onion,Demo,FAQ,2026-01-25,2354.41,2626.09,2529.73,171.6
Maharashtra,Nagpur,Nagpur,Onion,Demo,FAQ,2026-01-25,2109.87,2315.96,2210.64,170.4
Maharashtra,Nashik,Nashik,Potato,Demo,FAQ,2026-01-25,1960.84,2224.42,2052.73,141.1
Maharashtra,Pune,Pune,Potato,Demo,FAQ,2026-01-25,2055.45,2322.77,2196.26,110.6
Maharashtra,Nagpur,Nagpur,Potato,Demo,FAQ,2026-01-25,1741.43,1973.34,1874.62,155.8
Maharashtra,Nashik,Nashik,Soyabean,Demo,FAQ,2026-01-25,4226.4,4542.39,4388.23,110.6
Maharashtra,Pune,Pune,Soyabean,Demo,FAQ,2026-01-25,4587.79,4855.15,4683.08,111.7
Maharashtra,Nagpur,Nagpur,Soyabean,Demo,FAQ,2026-01-25,4415.4,4614.65,4500.41,106.1
Maharashtra,Nashik,Nashik,Wheat,Demo,FAQ,2026-01-25,2539.54,2836.9,2681.81,101.6
Maharashtra,Pune,Pune,Wheat,Demo,FAQ,2026-01-25,2837.67,3111.24,2938.86,171.6
Maharashtra,Nagpur,Nagpur,Wheat,Demo,FAQ,2026-01-25,2375.71,2599.85,2519.62,185.1
Maharashtra,Nashik,Nashik,Tomato,Demo,FAQ,2026-02-01,2242.12,2436.41,2350.21,163.3
Maharashtra,Pune,Pune,Tomato,Demo,FAQ,2026-02-01,2682.0,2870.13,2774.9,110.0
Maharashtra,Nagpur,Nagpur,Tomato,Demo,FAQ,2026-02-01,2281.94,2573.42,2401.23,192.2
Maharashtra,Nashik,Nashik,Onion,Demo,FAQ,2026-02-01,1941.39,2220.12,2094.01,184.1
Maharashtra,Pune,Pune,Onion,Demo,FAQ,2026-02-01,2174.53,2441.77,2314.5,166.7
Maharashtra,Nagpur,Nagpur,Onion,Demo,FAQ,2026-02-01,2055.31,2267.3,2169.58,149.4
Maharashtra,Nashik,Nashik,Potato,Demo,FAQ,2026-02-01,1837.65,2086.27,2002.25,142.4
Maharashtra,Pune,Pune,Potato,Demo,FAQ,2026-02-01,1726.22,2050.43,1895.46,134.3
Maharashtra,Nagpur,Nagpur,Potato,Demo,FAQ,2026-02-01,1753.35,2032.49,1886.49,126.2
Maharashtra,Nashik,Nashik,Soyabean,Demo,FAQ,2026-02-01,4643.69,4935.08,4818.44,123.9
Maharashtra,Pune,Pune,Soyabean,Demo,FAQ,2026-02-01,4901.44,5157.94,5021.75,108.8
Maharashtra,Nagpur,Nagpur,Soyabean,Demo,FAQ,2026-02-01,4575.1,4876.7,4706.0,134.3
Maharashtra,Nashik,Nashik,Wheat,Demo,FAQ,2026-02-01,2668.12,2927.06,2812.83,151.7
Maharashtra,Pune,Pune,Wheat,Demo,FAQ,2026-02-01,2690.23,2906.82,2814.24,129.7
Maharashtra,Nagpur,Nagpur,Wheat,Demo,FAQ,2026-02-01,2508.05,2800.35,2654.8,172.5
Maharashtra,Nashik,Nashik,Tomato,Demo,FAQ,2026-02-08,2495.18,2689.81,2577.15,153.7
Maharashtra,Pune,Pune,Tomato,Demo,FAQ,2026-02-08,2651.66,2975.54,2809.48,192.7
Maharashtra,Nagpur,Nagpur,Tomato,Demo,FAQ,2026-02-08,2114.21,2353.93,2261.0,186.8
Maharashtra,Nashik,Nashik,Onion,Demo,FAQ,2026-02-08,2059.68,2261.89,2153.54,159.6
Maharashtra,Pune,Pune,Onion,Demo,FAQ,2026-02-08,2206.16,2477.44,2377.19,172.6
Maharashtra,Nagpur,Nagpur,Onion,Demo,FAQ,2026-02-08,2010.2,2335.63,2160.34,177.3
Maharashtra,Nashik,Nashik,Potato,Demo,FAQ,2026-02-08,1519.27,1767.33,1624.78,139.5
Maharashtra,Pune,Pune,Potato,Demo,FAQ,2026-02-08,1984.25,2281.83,2161.87,150.1
Maharashtra,Nagpur,Nagpur,Potato,Demo,FAQ,2026-02-08,1644.04,1846.37,1726.36,141.9
Maharashtra,Nashik,Nashik,Soyabean,Demo,FAQ,2026-02-08,4545.21,4810.63,4686.24,173.8
Maharashtra,Pune,Pune,Soyabean,Demo,FAQ,2026-02-08,4767.69,5045.31,4933.08,131.2
Maharashtra,Nagpur,Nagpur,Soyabean,Demo,FAQ,2026-02-08,4574.29,4846.49,4703.27,118.2
Maharashtra,Nashik,Nashik,Wheat,Demo,FAQ,2026-02-08,2490.5,2766.19,2594.92,137.1
Maharashtra,Pune,Pune,Wheat,Demo,FAQ,2026-02-08,2737.18,3079.33,2901.51,131.2
Maharashtra,Nagpur,Nagpur,Wheat,Demo,FAQ,2026-02-08,2280.93,2593.65,2437.39,147.8
Maharashtra,Nashik,Nashik,Tomato,Demo,FAQ,2026-02-15,2625.35,2855.01,2750.99,189.7
Maharashtra,Pune,Pune,Tomato,Demo,FAQ,2026-02-15,2516.63,2731.34,2625.56,112.9
Maharashtra,Nagpur,Nagpur,Tomato,Demo,FAQ,2026-02-15,2289.95,2512.83,2410.94,151.3
Maharashtra,Nashik,Nashik,Onion,Demo,FAQ,2026-02-15,1936.74,2199.57,2102.8,129.7
Maharashtra,Pune,Pune,Onion,Demo,FAQ,2026-02-15,2186.73,2460.1,2300.35,110.5
Maharashtra,Nagpur,Nagpur,Onion,Demo,FAQ,2026-02-15,2137.16,2388.43,2230.99,116.5
Maharashtra,Nashik,Nashik,Potato,Demo,FAQ,2026-02-15,1604.82,1903.68,1723.82,108.1
Maharashtra,Pune,Pune,Potato,Demo,FAQ,2026-02-15,1802.63,2020.31,1898.03,188.5
Maharashtra,Nagpur,Nagpur,Potato,Demo,FAQ,2026-02-15,1921.39,2272.76,2094.68,195.7
Maharashtra,Nashik,Nashik,Soyabean,Demo,FAQ,2026-02-15,4593.03,4845.9,4686.83,186.1
Maharashtra,Pune,Pune,Soyabean,Demo,FAQ,2026-02-15,4646.52,4961.35,4815.01,174.1
Maharashtra,Nagpur,Nagpur,Soyabean,Demo,FAQ,2026-02-15,4226.55,4487.44,4389.8,122.5
Maharashtra,Nashik,Nashik,Wheat,Demo,FAQ,2026-02-15,2489.15,2754.45,2624.37,199.3
Maharashtra,Pune,Pune,Wheat,Demo,FAQ,2026-02-15,2757.7,3082.17,2902.97,164.5
Maharashtra,Nagpur,Nagpur,Wheat,Demo,FAQ,2026-02-15,2615.21,2857.52,2704.73,117.7
Maharashtra,Nashik,Nashik,Tomato,Demo,FAQ,2026-02-22,2432.92,2670.88,2544.75,116.5
Maharashtra,Pune,Pune,Tomato,Demo,FAQ,2026-02-22,2566.46,2798.83,2651.61,139.5
Maharashtra,Nagpur,Nagpur,Tomato,Demo,FAQ,2026-02-22,2037.49,2359.45,2196.23,142.0
Maharashtra,Nashik,Nashik,Onion,Demo,FAQ,2026-02-22,1910.9,2144.72,2032.56,135.9
Maharashtra,Pune,Pune,Onion,Demo,FAQ,2026-02-22,2296.26,2585.53,2456.4,202.6
Maharashtra,Nagpur,Nagpur,Onion,Demo,FAQ,2026-02-22,1904.67,2166.97,1999.06,188.1
Maharashtra,Nashik,Nashik,Potato,Demo,FAQ,2026-02-22,1868.6,2097.34,1963.96,135.9
Maharashtra,Pune,Pune,Potato,Demo,FAQ,2026-02-22,1774.0,1939.33,1859.28,137.1
Maharashtra,Nagpur,Nagpur,Potato,Demo,FAQ,2026-02-22,1480.47,1721.42,1637.94,161.4
Maharashtra,Nashik,Nashik,Soyabean,Demo,FAQ,2026-02-22,4433.18,4692.3,4595.5,180.8
Maharashtra,Pune,Pune,Soyabean,Demo,FAQ,2026-02-22,4582.57,4910.96,4748.65,165.0
Maharashtra,Nagpur,Nagpur,Soyabean,Demo,FAQ,2026-02-22,4334.43,4585.62,4496.35,134.7
Maharashtra,Nashik,Nashik,Wheat,Demo,FAQ,2026-02-22,2454.34,2713.87,2608.12,201.4
Maharashtra,Pune,Pune,Wheat,Demo,FAQ,2026-02-22,2651.96,2937.41,2782.38,154.1
Maharashtra,Nagpur,Nagpur,Wheat,Demo,FAQ,2026-02-22,2617.38,2836.09,2734.17,163.8
Maharashtra,Nashik,Nashik,Tomato,Demo,FAQ,2026-03-01,2177.52,2424.56,2332.67,163.4
Maharashtra,Pune,Pune,Tomato,Demo,FAQ,2026-03-01,2506.99,2702.15,2604.62,203.6
Maharashtra,Nagpur,Nagpur,Tomato,Demo,FAQ,2026-03-01,2301.62,2600.51,2421.47,124.4
Maharashtra,Nashik,Nashik,Onion,Demo,FAQ,2026-03-01,1985.21,2255.44,2130.57,117.1
Maharashtra,Pune,Pune,Onion,Demo,FAQ,2026-03-01,2093.61,2438.68,2261.12,131.7
Maharashtra,Nagpur,Nagpur,Onion,Demo,FAQ,2026-03-01,1604.51,1805.82,1703.74,165.8
Maharashtra,Nashik,Nashik,Potato,Demo,FAQ,2026-03-01,1645.35,1907.73,1754.26,151.2
Maharashtra,Pune,Pune,Potato,Demo,FAQ,2026-03-01,1694.54,1992.48,1829.63,141.5
Maharashtra,Nagpur,Nagpur,Potato,Demo,FAQ,2026-03-01,1831.4,1999.0,1914.06,158.5
Maharashtra,Nashik,Nashik,Soyabean,Demo,FAQ,2026-03-01,4331.32,4565.96,4459.94,206.1
Maharashtra,Pune,Pune,Soyabean,Demo,FAQ,2026-03-01,4472.31,4790.77,4628.11,154.9
Maharashtra,Nagpur,Nagpur,Soyabean,Demo,FAQ,2026-03-01,4287.87,4513.48,4406.41,204.9
Maharashtra,Nashik,Nashik,Wheat,Demo,FAQ,2026-03-01,2536.47,2784.35,2647.94,170.7
Maharashtra,Pune,Pune,Wheat,Demo,FAQ,2026-03-01,2565.21,2731.93,2651.82,121.9
Maharashtra,Nagpur,Nagpur,Wheat,Demo,FAQ,2026-03-01,2163.23,2477.31,2332.68,125.6
Maharashtra,Nashik,Nashik,Tomato,Demo,FAQ,2026-03-08,2272.34,2568.36,2441.37,129.2
Maharashtra,Pune,Pune,Tomato,Demo,FAQ,2026-03-08,2465.16,2724.66,2638.71,135.3
Maharashtra,Nagpur,Nagpur,Tomato,Demo,FAQ,2026-03-08,2361.29,2599.42,2499.87,113.3
Maharashtra,Nashik,Nashik,Onion,Demo,FAQ,2026-03-08,1855.22,2046.54,1956.63,142.6
Maharashtra,Pune,Pune,Onion,Demo,FAQ,2026-03-08,1936.83,2156.72,2059.11,132.8
Maharashtra,Nagpur,Nagpur,Onion,Demo,FAQ,2026-03-08,1789.5,2067.57,1955.53,154.8
Maharashtra,Nashik,Nashik,Potato,Demo,FAQ,2026-03-08,1596.81,1798.07,1682.33,193.8
Maharashtra,Pune,Pune,Potato,Demo,FAQ,2026-03-08,1812.47,2054.05,1953.51,132.8
Maharashtra,Nagpur,Nagpur,Potato,Demo,FAQ,2026-03-08,1472.53,1735.48,1645.5,136.5
Maharashtra,Nashik,Nashik,Soyabean,Demo,FAQ,2026-03-08,4310.92,4544.41,4402.45,140.2
Maharashtra,Pune,Pune,Soyabean,Demo,FAQ,2026-03-08,4409.13,4729.8,4574.37,120.7
Maharashtra,Nagpur,Nagpur,Soyabean,Demo,FAQ,2026-03-08,4490.07,4802.35,4622.68,125.5
Maharashtra,Nashik,Nashik,Wheat,Demo,FAQ,2026-03-08,2339.58,2572.1,2459.71,135.3
Maharashtra,Pune,Pune,Wheat,Demo,FAQ,2026-03-08,2510.93,2809.23,2648.62,180.4
Maharashtra,Nagpur,Nagpur,Wheat,Demo,FAQ,2026-03-08,2224.0,2531.73,2401.87,193.8
Maharashtra,Nashik,Nashik,Tomato,Demo,FAQ,2026-03-15,2228.87,2487.1,2348.63,196.3
Maharashtra,Pune,Pune,Tomato,Demo,FAQ,2026-03-15,2379.33,2590.76,2491.43,153.9
Maharashtra,Nagpur,Nagpur,Tomato,Demo,FAQ,2026-03-15,2257.86,2563.4,2424.47,172.0
Maharashtra,Nashik,Nashik,Onion,Demo,FAQ,2026-03-15,2119.41,2363.43,2240.27,174.5
Maharashtra,Pune,Pune,Onion,Demo,FAQ,2026-03-15,2023.73,2369.68,2196.4,110.2
Maharashtra,Nagpur,Nagpur,Onion,Demo,FAQ,2026-03-15,1804.73,2042.76,1917.66,174.5
Maharashtra,Nashik,Nashik,Potato,Demo,FAQ,2026-03-15,1794.08,2066.13,1920.26,116.3
Maharashtra,Pune,Pune,Potato,Demo,FAQ,2026-03-15,1689.13,1915.77,1801.2,173.2
Maharashtra,Nagpur,Nagpur,Potato,Demo,FAQ,2026-03-15,1544.16,1730.23,1633.62,136.9
Maharashtra,Nashik,Nashik,Soyabean,Demo,FAQ,2026-03-15,4539.26,4759.62,4658.16,140.5
Maharashtra,Pune,Pune,Soyabean,Demo,FAQ,2026-03-15,4479.03,4740.33,4634.59,170.8
Maharashtra,Nagpur,Nagpur,Soyabean,Demo,FAQ,2026-03-15,4165.17,4477.66,4337.92,158.7
Maharashtra,Nashik,Nashik,Wheat,Demo,FAQ,2026-03-15,2524.21,2784.02,2609.47,184.1
Maharashtra,Pune,Pune,Wheat,Demo,FAQ,2026-03-15,2470.86,2781.15,2643.25,193.8
Maharashtra,Nagpur,Nagpur,Wheat,Demo,FAQ,2026-03-15,2357.19,2589.09,2441.05,186.6
Maharashtra,Nashik,Nashik,Tomato,Demo,FAQ,2026-03-22,2270.56,2507.56,2353.22,113.8
Maharashtra,Pune,Pune,Tomato,Demo,FAQ,2026-03-22,2069.46,2325.67,2199.1,147.3
Maharashtra,Nagpur,Nagpur,Tomato,Demo,FAQ,2026-03-22,2058.16,2329.9,2216.83,160.5
Maharashtra,Nashik,Nashik,Onion,Demo,FAQ,2026-03-22,1889.48,2143.29,2006.78,109.0
Maharashtra,Pune,Pune,Onion,Demo,FAQ,2026-03-22,2083.88,2337.43,2179.94,112.6
Maharashtra,Nagpur,Nagpur,Onion,Demo,FAQ,2026-03-22,1520.42,1830.61,1654.07,190.4
Maharashtra,Nashik,Nashik,Potato,Demo,FAQ,2026-03-22,1354.93,1619.26,1520.5,196.4
Maharashtra,Pune,Pune,Potato,Demo,FAQ,2026-03-22,1575.91,1861.18,1743.73,117.4
Maharashtra,Nagpur,Nagpur,Potato,Demo,FAQ,2026-03-22,1142.94,1432.21,1304.03,128.2
Maharashtra,Nashik,Nashik,Soyabean,Demo,FAQ,2026-03-22,4301.22,4620.16,4479.44,116.2
Maharashtra,Pune,Pune,Soyabean,Demo,FAQ,2026-03-22,4690.52,4929.28,4807.52,185.6
Maharashtra,Nagpur,Nagpur,Soyabean,Demo,FAQ,2026-03-22,4108.5,4431.74,4267.97,159.3
Maharashtra,Nashik,Nashik,Wheat,Demo,FAQ,2026-03-22,2447.67,2725.48,2558.05,172.5
Maharashtra,Pune,Pune,Wheat,Demo,FAQ,2026-03-22,2503.17,2761.59,2635.22,128.2
Maharashtra,Nagpur,Nagpur,Wheat,Demo,FAQ,2026-03-22,2456.08,2699.25,2552.42,178.5
Maharashtra,Nashik,Nashik,Tomato,Demo,FAQ,2026-03-29,2137.67,2363.55,2279.54,135.5
Maharashtra,Pune,Pune,Tomato,Demo,FAQ,2026-03-29,2416.08,2649.74,2548.31,163.7
Maharashtra,Nagpur,Nagpur,Tomato,Demo,FAQ,2026-03-29,2068.51,2281.77,2167.35,146.1
Maharashtra,Nashik,Nashik,Onion,Demo,FAQ,2026-03-29,1678.51,1973.74,1853.24,199.1
Maharashtra,Pune,Pune,Onion,Demo,FAQ,2026-03-29,2004.21,2269.72,2181.65,142.5
Maharashtra,Nagpur,Nagpur,Onion,Demo,FAQ,2026-03-29,1794.02,2104.58,1961.16,135.5
Maharashtra,Nashik,Nashik,Potato,Demo,FAQ,2026-03-29,1463.36,1670.05,1586.46,137.8
Maharashtra,Pune,Pune,Potato,Demo,FAQ,2026-03-29,1589.65,1944.88,1769.0,148.4
Maharashtra,Nagpur,Nagpur,Potato,Demo,FAQ,2026-03-29,1470.85,1731.61,1621.43,117.8
Maharashtra,Nashik,Nashik,Soyabean,Demo,FAQ,2026-03-29,4384.6,4642.7,4469.11,140.2
Maharashtra,Pune,Pune,Soyabean,Demo,FAQ,2026-03-29,4385.43,4563.17,4477.18,143.7
Maharashtra,Nagpur,Nagpur,Soyabean,Demo,FAQ,2026-03-29,4516.19,4745.25,4611.76,168.4
Maharashtra,Nashik,Nashik,Wheat,Demo,FAQ,2026-03-29,2284.61,2541.08,2421.36,111.9
Maharashtra,Pune,Pune,Wheat,Demo,FAQ,2026-03-29,2500.56,2763.75,2586.87,169.6
Maharashtra,Nagpur,Nagpur,Wheat,Demo,FAQ,2026-03-29,2386.71,2594.25,2485.65,183.7
Maharashtra,Nashik,Nashik,Tomato,Demo,FAQ,2026-04-05,2031.89,2288.05,2121.32,141.8
Maharashtra,Pune,Pune,Tomato,Demo,FAQ,2026-04-05,2358.71,2699.3,2521.71,133.7
Maharashtra,Nagpur,Nagpur,Tomato,Demo,FAQ,2026-04-05,2030.8,2297.83,2205.14,114.1
Maharashtra,Nashik,Nashik,Onion,Demo,FAQ,2026-04-05,1865.73,2134.65,2000.3,103.7
Maharashtra,Pune,Pune,Onion,Demo,FAQ,2026-04-05,1964.32,2291.99,2141.5,160.2
Maharashtra,Nagpur,Nagpur,Onion,Demo,FAQ,2026-04-05,1386.87,1631.14,1512.51,161.4
Maharashtra,Nashik,Nashik,Potato,Demo,FAQ,2026-04-05,1327.15,1535.28,1446.31,153.3
Maharashtra,Pune,Pune,Potato,Demo,FAQ,2026-04-05,1518.18,1800.78,1676.17,111.8
Maharashtra,Nagpur,Nagpur,Potato,Demo,FAQ,2026-04-05,1334.71,1559.45,1475.93,133.7
Maharashtra,Nashik,Nashik,Soyabean,Demo,FAQ,2026-04-05,4411.44,4689.6,4512.02,171.7
Maharashtra,Pune,Pune,Soyabean,Demo,FAQ,2026-04-05,4547.3,4852.49,4678.88,126.8
Maharashtra,Nagpur,Nagpur,Soyabean,Demo,FAQ,2026-04-05,4083.74,4272.29,4187.38,111.8
Maharashtra,Nashik,Nashik,Wheat,Demo,FAQ,2026-04-05,2345.74,2531.58,2432.07,171.7
Maharashtra,Pune,Pune,Wheat,Demo,FAQ,2026-04-05,2518.67,2823.64,2689.92,174.0
Maharashtra,Nagpur,Nagpur,Wheat,Demo,FAQ,2026-04-05,2255.31,2515.56,2355.5,194.8
Maharashtra,Nashik,Nashik,Tomato,Demo,FAQ,2026-04-12,2334.14,2675.44,2500.55,152.7
Maharashtra,Pune,Pune,Tomato,Demo,FAQ,2026-04-12,2458.08,2649.73,2547.13,189.7
Maharashtra,Nagpur,Nagpur,Tomato,Demo,FAQ,2026-04-12,2077.87,2370.27,2252.44,150.4
Maharashtra,Nashik,Nashik,Onion,Demo,FAQ,2026-04-12,1772.87,2005.2,1906.92,156.1
Maharashtra,Pune,Pune,Onion,Demo,FAQ,2026-04-12,2105.81,2398.41,2251.13,186.4
Maharashtra,Nagpur,Nagpur,Onion,Demo,FAQ,2026-04-12,1829.05,2084.11,1931.92,116.8
Maharashtra,Nashik,Nashik,Potato,Demo,FAQ,2026-04-12,1548.78,1821.23,1722.44,156.1
Maharashtra,Pune,Pune,Potato,Demo,FAQ,2026-04-12,1549.04,1810.76,1678.8,181.9
Maharashtra,Nagpur,Nagpur,Potato,Demo,FAQ,2026-04-12,1399.3,1702.45,1522.97,171.8
Maharashtra,Nashik,Nashik,Soyabean,Demo,FAQ,2026-04-12,4155.51,4405.48,4283.31,183.0
Maharashtra,Pune,Pune,Soyabean,Demo,FAQ,2026-04-12,4486.96,4729.05,4626.26,176.3
Maharashtra,Nagpur,Nagpur,Soyabean,Demo,FAQ,2026-04-12,4230.62,4493.84,4315.7,174.0
Maharashtra,Nashik,Nashik,Wheat,Demo,FAQ,2026-04-12,2445.28,2742.51,2614.96,104.4
Maharashtra,Pune,Pune,Wheat,Demo,FAQ,2026-04-12,2381.7,2688.74,2543.92,128.0
Maharashtra,Nagpur,Nagpur,Wheat,Demo,FAQ,2026-04-12,2162.74,2429.35,2285.55,123.5
Maharashtra,Nashik,Nashik,Tomato,Demo,FAQ,2026-04-19,2344.68,2602.55,2487.78,99.1
Maharashtra,Pune,Pune,Tomato,Demo,FAQ,2026-04-19,2257.53,2580.77,2404.71,155.7
Maharashtra,Nagpur,Nagpur,Tomato,Demo,FAQ,2026-04-19,1886.87,2170.59,2009.38,168.8
Maharashtra,Nashik,Nashik,Onion,Demo,FAQ,2026-04-19,1763.01,2042.64,1916.66,167.7
Maharashtra,Pune,Pune,Onion,Demo,FAQ,2026-04-19,1736.06,1983.69,1890.58,98.0
Maharashtra,Nagpur,Nagpur,Onion,Demo,FAQ,2026-04-19,1804.16,2101.57,1946.84,114.3
Maharashtra,Nashik,Nashik,Potato,Demo,FAQ,2026-04-19,1481.68,1680.01,1588.94,122.0
Maharashtra,Pune,Pune,Potato,Demo,FAQ,2026-04-19,1491.53,1686.74,1586.98,101.3
Maharashtra,Nagpur,Nagpur,Potato,Demo,FAQ,2026-04-19,1432.89,1734.11,1565.83,141.6
Maharashtra,Nashik,Nashik,Soyabean,Demo,FAQ,2026-04-19,4300.61,4548.94,4451.43,166.6
Maharashtra,Pune,Pune,Soyabean,Demo,FAQ,2026-04-19,4539.36,4761.94,4667.2,124.1
Maharashtra,Nagpur,Nagpur,Soyabean,Demo,FAQ,2026-04-19,4222.45,4426.01,4333.28,99.1
Maharashtra,Nashik,Nashik,Wheat,Demo,FAQ,2026-04-19,2186.63,2424.12,2337.13,117.6
Maharashtra,Pune,Pune,Wheat,Demo,FAQ,2026-04-19,2271.13,2584.15,2429.35,162.3
Maharashtra,Nagpur,Nagpur,Wheat,Demo,FAQ,2026-04-19,2272.45,2559.33,2397.27,145.9
Maharashtra,Nashik,Nashik,Tomato,Demo,FAQ,2026-04-26,2002.38,2216.09,2118.46,147.4
Maharashtra,Pune,Pune,Tomato,Demo,FAQ,2026-04-26,2198.8,2422.1,2318.0,158.9
Maharashtra,Nagpur,Nagpur,Tomato,Demo,FAQ,2026-04-26,1976.85,2195.52,2088.24,132.6
Maharashtra,Nashik,Nashik,Onion,Demo,FAQ,2026-04-26,1777.68,2011.86,1901.56,106.3
Maharashtra,Pune,Pune,Onion,Demo,FAQ,2026-04-26,1700.12,1960.03,1803.72,172.6
Maharashtra,Nagpur,Nagpur,Onion,Demo,FAQ,2026-04-26,1577.83,1851.93,1707.63,141.1
Maharashtra,Nashik,Nashik,Potato,Demo,FAQ,2026-04-26,1181.38,1502.62,1361.27,148.4
Maharashtra,Pune,Pune,Potato,Demo,FAQ,2026-04-26,1544.46,1874.46,1715.32,170.5
Maharashtra,Nagpur,Nagpur,Potato,Demo,FAQ,2026-04-26,1534.76,1704.46,1622.88,104.2
Maharashtra,Nashik,Nashik,Soyabean,Demo,FAQ,2026-04-26,4007.82,4257.98,4137.25,169.5
Maharashtra,Pune,Pune,Soyabean,Demo,FAQ,2026-04-26,4445.32,4744.2,4580.54,134.7
Maharashtra,Nagpur,Nagpur,Soyabean,Demo,FAQ,2026-04-26,4431.94,4693.76,4534.46,147.4
Maharashtra,Nashik,Nashik,Wheat,Demo,FAQ,2026-04-26,2011.45,2358.22,2190.93,152.6
Maharashtra,Pune,Pune,Wheat,Demo,FAQ,2026-04-26,2400.67,2632.27,2512.1,174.7
Maharashtra,Nagpur,Nagpur,Wheat,Demo,FAQ,2026-04-26,2140.19,2454.7,2280.82,114.7
Maharashtra,Nashik,Nashik,Tomato,Demo,FAQ,2026-05-03,1828.6,2073.93,1964.3,137.0
Maharashtra,Pune,Pune,Tomato,Demo,FAQ,2026-05-03,2275.93,2461.24,2375.45,101.5
Maharashtra,Nagpur,Nagpur,Tomato,Demo,FAQ,2026-05-03,1887.89,2171.59,2008.18,134.9
Maharashtra,Nashik,Nashik,Onion,Demo,FAQ,2026-05-03,1703.39,1900.13,1802.58,95.4
Maharashtra,Pune,Pune,Onion,Demo,FAQ,2026-05-03,2018.61,2296.41,2125.08,112.6
Maharashtra,Nagpur,Nagpur,Onion,Demo,FAQ,2026-05-03,1647.01,1956.22,1794.78,121.8
Maharashtra,Nashik,Nashik,Potato,Demo,FAQ,2026-05-03,1357.54,1641.61,1465.16,139.0
Maharashtra,Pune,Pune,Potato,Demo,FAQ,2026-05-03,1624.44,1870.68,1747.43,103.5
Maharashtra,Nagpur,Nagpur,Potato,Demo,FAQ,2026-05-03,1323.42,1638.19,1481.0,123.8
Maharashtra,Nashik,Nashik,Soyabean,Demo,FAQ,2026-05-03,4212.92,4477.74,4376.43,102.5
Maharashtra,Pune,Pune,Soyabean,Demo,FAQ,2026-05-03,4394.4,4710.92,4531.52,119.7
Maharashtra,Nagpur,Nagpur,Soyabean,Demo,FAQ,2026-05-03,4218.67,4451.36,4319.47,127.8
Maharashtra,Nashik,Nashik,Wheat,Demo,FAQ,2026-05-03,2355.11,2563.53,2444.01,149.2
Maharashtra,Pune,Pune,Wheat,Demo,FAQ,2026-05-03,2216.32,2432.36,2333.48,170.5
Maharashtra,Nagpur,Nagpur,Wheat,Demo,FAQ,2026-05-03,2038.78,2287.73,2159.79,119.7
Maharashtra,Nashik,Nashik,Tomato,Demo,FAQ,2026-05-10,1852.36,2145.62,1996.58,157.2
Maharashtra,Pune,Pune,Tomato,Demo,FAQ,2026-05-10,2239.95,2481.47,2361.14,120.1
Maharashtra,Nagpur,Nagpur,Tomato,Demo,FAQ,2026-05-10,1989.82,2247.39,2094.41,123.0
Maharashtra,Nashik,Nashik,Onion,Demo,FAQ,2026-05-10,1769.41,1986.01,1859.19,154.2
Maharashtra,Pune,Pune,Onion,Demo,FAQ,2026-05-10,1746.63,1971.55,1845.17,145.5
Maharashtra,Nagpur,Nagpur,Onion,Demo,FAQ,2026-05-10,1667.14,1997.51,1826.75,99.6
Maharashtra,Nashik,Nashik,Potato,Demo,FAQ,2026-05-10,1413.12,1627.14,1519.72,138.6
Maharashtra,Pune,Pune,Potato,Demo,FAQ,2026-05-10,1617.17,1885.05,1710.67,112.3
Maharashtra,Nagpur,Nagpur,Potato,Demo,FAQ,2026-05-10,1427.17,1694.3,1529.64,148.4
Maharashtra,Nashik,Nashik,Soyabean,Demo,FAQ,2026-05-10,4321.15,4500.86,4404.66,146.4
Maharashtra,Pune,Pune,Soyabean,Demo,FAQ,2026-05-10,4363.08,4622.46,4521.37,143.5
Maharashtra,Nagpur,Nagpur,Soyabean,Demo,FAQ,2026-05-10,4123.77,4453.71,4288.87,95.7
Maharashtra,Nashik,Nashik,Wheat,Demo,FAQ,2026-05-10,2471.58,2723.38,2556.63,128.9
Maharashtra,Pune,Pune,Wheat,Demo,FAQ,2026-05-10,2227.5,2525.39,2369.39,112.3
Maharashtra,Nagpur,Nagpur,Wheat,Demo,FAQ,2026-05-10,2105.65,2437.59,2263.74,159.1
Maharashtra,Nashik,Nashik,Tomato,Demo,FAQ,2026-05-17,1821.02,2112.81,1945.14,112.6
Maharashtra,Pune,Pune,Tomato,Demo,FAQ,2026-05-17,2128.04,2444.57,2282.52,93.8
Maharashtra,Nagpur,Nagpur,Tomato,Demo,FAQ,2026-05-17,1675.49,1871.11,1767.28,102.3
Maharashtra,Nashik,Nashik,Onion,Demo,FAQ,2026-05-17,1732.86,2001.65,1863.39,132.3
Maharashtra,Pune,Pune,Onion,Demo,FAQ,2026-05-17,1826.84,2156.85,1985.53,143.6
Maharashtra,Nagpur,Nagpur,Onion,Demo,FAQ,2026-05-17,1756.06,2057.51,1909.72,153.0
Maharashtra,Nashik,Nashik,Potato,Demo,FAQ,2026-05-17,1429.74,1688.12,1528.6,106.0
Maharashtra,Pune,Pune,Potato,Demo,FAQ,2026-05-17,1343.61,1667.58,1495.79,123.9
Maharashtra,Nagpur,Nagpur,Potato,Demo,FAQ,2026-05-17,1628.2,1887.23,1743.4,89.2
Maharashtra,Nashik,Nashik,Soyabean,Demo,FAQ,2026-05-17,4394.1,4662.15,4572.76,133.3
Maharashtra,Pune,Pune,Soyabean,Demo,FAQ,2026-05-17,4366.29,4642.25,4533.85,101.4
Maharashtra,Nagpur,Nagpur,Soyabean,Demo,FAQ,2026-05-17,4054.85,4351.13,4173.13,88.2
Maharashtra,Nashik,Nashik,Wheat,Demo,FAQ,2026-05-17,2263.05,2530.2,2373.19,84.5
Maharashtra,Pune,Pune,Wheat,Demo,FAQ,2026-05-17,2172.53,2459.01,2313.16,122.0
Maharashtra,Nagpur,Nagpur,Wheat,Demo,FAQ,2026-05-17,2087.4,2271.86,2169.85,136.1
Maharashtra,Nashik,Nashik,Tomato,Demo,FAQ,2026-05-24,1892.28,2158.2,2028.64,105.6
Maharashtra,Pune,Pune,Tomato,Demo,FAQ,2026-05-24,2110.12,2391.46,2224.95,116.4
Maharashtra,Nagpur,Nagpur,Tomato,Demo,FAQ,2026-05-24,1961.8,2255.95,2081.44,132.7
Maharashtra,Nashik,Nashik,Onion,Demo,FAQ,2026-05-24,1632.54,1893.27,1787.51,98.4
Maharashtra,Pune,Pune,Onion,Demo,FAQ,2026-05-24,1681.25,2004.42,1835.85,128.2
Maharashtra,Nagpur,Nagpur,Onion,Demo,FAQ,2026-05-24,1468.67,1759.73,1601.8,150.7
Maharashtra,Nashik,Nashik,Potato,Demo,FAQ,2026-05-24,1733.56,1919.36,1836.64,129.1
Maharashtra,Pune,Pune,Potato,Demo,FAQ,2026-05-24,1415.33,1709.89,1566.33,89.4
Maharashtra,Nagpur,Nagpur,Potato,Demo,FAQ,2026-05-24,1039.48,1300.25,1172.64,115.5
Maharashtra,Nashik,Nashik,Soyabean,Demo,FAQ,2026-05-24,4153.23,4397.43,4297.27,93.9
Maharashtra,Pune,Pune,Soyabean,Demo,FAQ,2026-05-24,4320.84,4596.97,4482.01,81.2
Maharashtra,Nagpur,Nagpur,Soyabean,Demo,FAQ,2026-05-24,4234.5,4505.84,4328.6,149.8
Maharashtra,Nashik,Nashik,Wheat,Demo,FAQ,2026-05-24,2194.69,2480.09,2366.88,148.9
Maharashtra,Pune,Pune,Wheat,Demo,FAQ,2026-05-24,2473.26,2663.44,2574.44,146.2
Maharashtra,Nagpur,Nagpur,Wheat,Demo,FAQ,2026-05-24,1996.83,2262.95,2083.96,125.5
Maharashtra,Nashik,Nashik,Tomato,Demo,FAQ,2026-05-31,2192.03,2448.01,2285.28,92.2
Maharashtra,Pune,Pune,Tomato,Demo,FAQ,2026-05-31,2079.05,2379.58,2236.49,127.0
Maharashtra,Nagpur,Nagpur,Tomato,Demo,FAQ,2026-05-31,1895.25,2171.31,2039.1,123.5
Maharashtra,Nashik,Nashik,Onion,Demo,FAQ,2026-05-31,1552.23,1791.57,1676.96,86.1
Maharashtra,Pune,Pune,Onion,Demo,FAQ,2026-05-31,1738.83,1995.46,1835.8,109.6
Maharashtra,Nagpur,Nagpur,Onion,Demo,FAQ,2026-05-31,1668.01,1868.0,1763.36,98.3
Maharashtra,Nashik,Nashik,Potato,Demo,FAQ,2026-05-31,1497.77,1759.4,1610.79,117.4
Maharashtra,Pune,Pune,Potato,Demo,FAQ,2026-05-31,1519.27,1763.55,1607.04,87.8
Maharashtra,Nagpur,Nagpur,Potato,Demo,FAQ,2026-05-31,1289.33,1539.88,1390.99,98.3
Maharashtra,Nashik,Nashik,Soyabean,Demo,FAQ,2026-05-31,4166.23,4412.61,4275.73,85.2
Maharashtra,Pune,Pune,Soyabean,Demo,FAQ,2026-05-31,4496.48,4774.09,4631.91,134.8
Maharashtra,Nagpur,Nagpur,Soyabean,Demo,FAQ,2026-05-31,4379.76,4615.63,4522.12,79.2
Maharashtra,Nashik,Nashik,Wheat,Demo,FAQ,2026-05-31,2061.38,2357.12,2208.86,80.0
Maharashtra,Pune,Pune,Wheat,Demo,FAQ,2026-05-31,2248.46,2494.05,2373.14,142.6
Maharashtra,Nagpur,Nagpur,Wheat,Demo,FAQ,2026-05-31,2001.76,2228.09,2104.0,86.1
Maharashtra,Nashik,Nashik,Tomato,Demo,FAQ,2026-06-07,2385.39,2652.07,2489.09,84.9
Maharashtra,Pune,Pune,Tomato,Demo,FAQ,2026-06-07,2091.74,2375.03,2247.78,100.1
Maharashtra,Nagpur,Nagpur,Tomato,Demo,FAQ,2026-06-07,2114.7,2429.47,2256.68,106.8
Maharashtra,Nashik,Nashik,Onion,Demo,FAQ,2026-06-07,1557.46,1830.53,1690.33,101.7
Maharashtra,Pune,Pune,Onion,Demo,FAQ,2026-06-07,2090.24,2309.0,2177.43,141.3
Maharashtra,Nagpur,Nagpur,Onion,Demo,FAQ,2026-06-07,1287.41,1588.93,1459.58,109.3
Maharashtra,Nashik,Nashik,Potato,Demo,FAQ,2026-06-07,1521.27,1822.55,1697.49,100.1
Maharashtra,Pune,Pune,Potato,Demo,FAQ,2026-06-07,1636.44,1827.65,1738.13,124.5
Maharashtra,Nagpur,Nagpur,Potato,Demo,FAQ,2026-06-07,1327.8,1607.92,1451.0,129.5
Maharashtra,Nashik,Nashik,Soyabean,Demo,FAQ,2026-06-07,4046.47,4266.68,4129.69,81.6
Maharashtra,Pune,Pune,Soyabean,Demo,FAQ,2026-06-07,4310.07,4580.91,4484.18,111.0
Maharashtra,Nagpur,Nagpur,Soyabean,Demo,FAQ,2026-06-07,4134.56,4391.34,4247.18,75.7
Maharashtra,Nashik,Nashik,Wheat,Demo,FAQ,2026-06-07,2146.82,2405.85,2302.79,100.9
Maharashtra,Pune,Pune,Wheat,Demo,FAQ,2026-06-07,2429.17,2714.8,2559.19,79.9
Maharashtra,Nagpur,Nagpur,Wheat,Demo,FAQ,2026-06-07,2187.35,2469.63,2367.23,77.4
Maharashtra,Nashik,Nashik,Tomato,Demo,FAQ,2026-06-14,2085.3,2296.63,2190.34,114.4
Maharashtra,Pune,Pune,Tomato,Demo,FAQ,2026-06-14,2072.68,2431.06,2252.03,114.4
Maharashtra,Nagpur,Nagpur,Tomato,Demo,FAQ,2026-06-14,1971.66,2281.56,2115.56,78.4
Maharashtra,Nashik,Nashik,Onion,Demo,FAQ,2026-06-14,1849.41,2082.65,1949.79,76.0
Maharashtra,Pune,Pune,Onion,Demo,FAQ,2026-06-14,1791.61,2025.91,1901.93,108.6
Maharashtra,Nagpur,Nagpur,Onion,Demo,FAQ,2026-06-14,1766.04,2115.15,1944.54,113.5
Maharashtra,Nashik,Nashik,Potato,Demo,FAQ,2026-06-14,1540.24,1759.24,1647.16,122.5
Maharashtra,Pune,Pune,Potato,Demo,FAQ,2026-06-14,1621.16,1887.79,1757.24,135.6
Maharashtra,Nagpur,Nagpur,Potato,Demo,FAQ,2026-06-14,1363.0,1638.75,1483.83,93.1
Maharashtra,Nashik,Nashik,Soyabean,Demo,FAQ,2026-06-14,4136.33,4342.12,4249.4,105.4
Maharashtra,Pune,Pune,Soyabean,Demo,FAQ,2026-06-14,4447.91,4737.59,4612.96,134.0
Maharashtra,Nagpur,Nagpur,Soyabean,Demo,FAQ,2026-06-14,3857.02,4148.35,4012.96,113.5
Maharashtra,Nashik,Nashik,Wheat,Demo,FAQ,2026-06-14,2199.7,2409.04,2311.34,95.6
Maharashtra,Pune,Pune,Wheat,Demo,FAQ,2026-06-14,2427.73,2621.73,2535.24,78.4
Maharashtra,Nagpur,Nagpur,Wheat,Demo,FAQ,2026-06-14,2176.33,2396.67,2314.5,122.5
Maharashtra,Nashik,Nashik,Tomato,Demo,FAQ,2026-06-21,2196.25,2432.45,2291.79,77.4
Maharashtra,Pune,Pune,Tomato,Demo,FAQ,2026-06-21,2270.93,2482.39,2395.21,101.4
Maharashtra,Nagpur,Nagpur,Tomato,Demo,FAQ,2026-06-21,2020.13,2270.53,2189.43,98.2
Maharashtra,Nashik,Nashik,Onion,Demo,FAQ,2026-06-21,1671.07,1976.41,1841.46,119.8
Maharashtra,Pune,Pune,Onion,Demo,FAQ,2026-06-21,1944.53,2190.81,2044.81,100.6
Maharashtra,Nagpur,Nagpur,Onion,Demo,FAQ,2026-06-21,1552.65,1867.91,1692.6,107.8
Maharashtra,Nashik,Nashik,Potato,Demo,FAQ,2026-06-21,1237.11,1474.86,1347.13,111.0
Maharashtra,Pune,Pune,Potato,Demo,FAQ,2026-06-21,1785.14,1972.18,1887.58,103.8
Maharashtra,Nagpur,Nagpur,Potato,Demo,FAQ,2026-06-21,1486.05,1719.04,1637.19,96.6
Maharashtra,Nashik,Nashik,Soyabean,Demo,FAQ,2026-06-21,3981.19,4266.63,4125.59,74.3
Maharashtra,Pune,Pune,Soyabean,Demo,FAQ,2026-06-21,4379.44,4691.67,4540.5,77.4
Maharashtra,Nagpur,Nagpur,Soyabean,Demo,FAQ,2026-06-21,4261.98,4529.82,4389.48,75.9
Maharashtra,Nashik,Nashik,Wheat,Demo,FAQ,2026-06-21,2023.56,2210.18,2107.82,82.2
Maharashtra,Pune,Pune,Wheat,Demo,FAQ,2026-06-21,2209.03,2428.09,2330.42,72.7
Maharashtra,Nagpur,Nagpur,Wheat,Demo,FAQ,2026-06-21,1964.88,2237.59,2137.45,97.4
Maharashtra,Nashik,Nashik,Tomato,Demo,FAQ,2026-06-28,2169.55,2423.83,2251.34,117.1
Maharashtra,Pune,Pune,Tomato,Demo,FAQ,2026-06-28,2108.47,2345.98,2189.67,125.0
Maharashtra,Nagpur,Nagpur,Tomato,Demo,FAQ,2026-06-28,1852.01,2199.67,2022.6,100.6
Maharashtra,Nashik,Nashik,Onion,Demo,FAQ,2026-06-28,1852.35,2105.14,1940.16,101.4
Maharashtra,Pune,Pune,Onion,Demo,FAQ,2026-06-28,2030.35,2293.55,2171.82,132.9
Maharashtra,Nagpur,Nagpur,Onion,Demo,FAQ,2026-06-28,1806.67,2056.0,1902.02,86.5
Maharashtra,Nashik,Nashik,Potato,Demo,FAQ,2026-06-28,1294.76,1612.63,1447.73,88.1
Maharashtra,Pune,Pune,Potato,Demo,FAQ,2026-06-28,1733.48,1975.68,1864.46,81.0
Maharashtra,Nagpur,Nagpur,Potato,Demo,FAQ,2026-06-28,1255.7,1525.91,1409.01,95.1
Maharashtra,Nashik,Nashik,Soyabean,Demo,FAQ,2026-06-28,4364.92,4593.27,4466.87,112.4
Maharashtra,Pune,Pune,Soyabean,Demo,FAQ,2026-06-28,4271.99,4526.93,4425.4,106.1
Maharashtra,Nagpur,Nagpur,Soyabean,Demo,FAQ,2026-06-28,4353.67,4636.66,4471.49,116.4
Maharashtra,Nashik,Nashik,Wheat,Demo,FAQ,2026-06-28,2155.84,2470.38,2297.71,118.7
Maharashtra,Pune,Pune,Wheat,Demo,FAQ,2026-06-28,2391.07,2719.09,2540.36,114.0
Maharashtra,Nagpur,Nagpur,Wheat,Demo,FAQ,2026-06-28,2144.58,2380.84,2233.42,81.8
Maharashtra,Nashik,Nashik,Tomato,Demo,FAQ,2026-07-05,1998.41,2213.07,2085.54,93.7
Maharashtra,Pune,Pune,Tomato,Demo,FAQ,2026-07-05,2242.89,2464.9,2351.4,96.0
Maharashtra,Nagpur,Nagpur,Tomato,Demo,FAQ,2026-07-05,1884.15,2180.43,2016.16,71.0
Maharashtra,Nashik,Nashik,Onion,Demo,FAQ,2026-07-05,1828.3,2148.68,2003.6,73.4
Maharashtra,Pune,Pune,Onion,Demo,FAQ,2026-07-05,1805.8,2103.23,1974.3,86.6
Maharashtra,Nagpur,Nagpur,Onion,Demo,FAQ,2026-07-05,1666.85,1910.88,1762.12,74.1
Maharashtra,Nashik,Nashik,Potato,Demo,FAQ,2026-07-05,1544.18,1746.82,1652.84,124.1
Maharashtra,Pune,Pune,Potato,Demo,FAQ,2026-07-05,1571.54,1825.16,1692.98,110.0
Maharashtra,Nagpur,Nagpur,Potato,Demo,FAQ,2026-07-05,1374.62,1599.27,1457.83,119.4
Maharashtra,Nashik,Nashik,Soyabean,Demo,FAQ,2026-07-05,4088.65,4324.65,4233.79,121.7
Maharashtra,Pune,Pune,Soyabean,Demo,FAQ,2026-07-05,4465.87,4696.36,4570.7,130.3
Maharashtra,Nagpur,Nagpur,Soyabean,Demo,FAQ,2026-07-05,4154.08,4432.89,4315.11,72.6
Maharashtra,Nashik,Nashik,Wheat,Demo,FAQ,2026-07-05,2225.03,2446.57,2364.38,81.9
Maharashtra,Pune,Pune,Wheat,Demo,FAQ,2026-07-05,2453.95,2690.56,2568.44,105.4
Maharashtra,Nagpur,Nagpur,Wheat,Demo,FAQ,2026-07-05,1973.12,2305.64,2131.4,120.2
Maharashtra,Nashik,Nashik,Tomato,Demo,FAQ,2026-07-12,2100.92,2397.44,2241.06,121.1
Maharashtra,Pune,Pune,Tomato,Demo,FAQ,2026-07-12,2251.54,2553.53,2410.3,121.9
Maharashtra,Nagpur,Nagpur,Tomato,Demo,FAQ,2026-07-12,1871.46,2133.79,2049.56,74.2
Maharashtra,Nashik,Nashik,Onion,Demo,FAQ,2026-07-12,1698.65,1928.03,1833.35,102.4
Maharashtra,Pune,Pune,Onion,Demo,FAQ,2026-07-12,1715.92,1976.31,1894.68,79.7
Maharashtra,Nagpur,Nagpur,Onion,Demo,FAQ,2026-07-12,1515.68,1792.34,1679.95,79.7
Maharashtra,Nashik,Nashik,Potato,Demo,FAQ,2026-07-12,1283.71,1589.0,1461.51,86.0
Maharashtra,Pune,Pune,Potato,Demo,FAQ,2026-07-12,1587.49,1868.61,1762.03,94.5
Maharashtra,Nagpur,Nagpur,Potato,Demo,FAQ,2026-07-12,1420.82,1632.25,1509.89,113.3
Maharashtra,Nashik,Nashik,Soyabean,Demo,FAQ,2026-07-12,4340.21,4647.56,4470.45,111.0
Maharashtra,Pune,Pune,Soyabean,Demo,FAQ,2026-07-12,4448.39,4744.8,4578.85,114.1
Maharashtra,Nagpur,Nagpur,Soyabean,Demo,FAQ,2026-07-12,4028.69,4302.19,4136.64,108.6
Maharashtra,Nashik,Nashik,Wheat,Demo,FAQ,2026-07-12,2304.83,2615.56,2437.91,72.7
Maharashtra,Pune,Pune,Wheat,Demo,FAQ,2026-07-12,2393.9,2587.15,2504.04,74.2
Maharashtra,Nagpur,Nagpur,Wheat,Demo,FAQ,2026-07-12,2226.89,2474.91,2326.91,70.3
Maharashtra,Nashik,Nashik,Tomato,Demo,FAQ,2026-07-19,2206.7,2460.53,2354.18,112.0
Maharashtra,Pune,Pune,Tomato,Demo,FAQ,2026-07-19,2380.42,2646.98,2495.31,84.4
Maharashtra,Nagpur,Nagpur,Tomato,Demo,FAQ,2026-07-19,1926.85,2208.24,2042.98,107.3
Maharashtra,Nashik,Nashik,Onion,Demo,FAQ,2026-07-19,1912.46,2183.85,2013.84,127.0
Maharashtra,Pune,Pune,Onion,Demo,FAQ,2026-07-19,1865.94,2079.3,1949.84,106.5
Maharashtra,Nagpur,Nagpur,Onion,Demo,FAQ,2026-07-19,1869.82,2128.38,1973.67,108.1
Maharashtra,Nashik,Nashik,Potato,Demo,FAQ,2026-07-19,1480.35,1814.74,1641.05,123.9
Maharashtra,Pune,Pune,Potato,Demo,FAQ,2026-07-19,1416.33,1718.72,1567.37,85.2
Maharashtra,Nagpur,Nagpur,Potato,Demo,FAQ,2026-07-19,1246.8,1457.24,1360.95,103.4
Maharashtra,Nashik,Nashik,Soyabean,Demo,FAQ,2026-07-19,4346.83,4577.95,4480.15,110.5
Maharashtra,Pune,Pune,Soyabean,Demo,FAQ,2026-07-19,4618.92,4873.1,4700.34,82.8
Maharashtra,Nagpur,Nagpur,Soyabean,Demo,FAQ,2026-07-19,4227.11,4401.9,4311.07,128.6
Maharashtra,Nashik,Nashik,Wheat,Demo,FAQ,2026-07-19,2089.87,2280.54,2197.26,104.2
Maharashtra,Pune,Pune,Wheat,Demo,FAQ,2026-07-19,2416.46,2633.62,2515.75,123.9
Maharashtra,Nagpur,Nagpur,Wheat,Demo,FAQ,2026-07-19,2227.14,2453.83,2341.04,131.8
Maharashtra,Nashik,Nashik,Tomato,Demo,FAQ,2026-07-26,2224.68,2407.41,2307.2,77.9
Maharashtra,Pune,Pune,Tomato,Demo,FAQ,2026-07-26,2248.26,2600.19,2427.34,113.2
Maharashtra,Nagpur,Nagpur,Tomato,Demo,FAQ,2026-07-26,2013.71,2258.35,2146.89,76.3
Maharashtra,Nashik,Nashik,Onion,Demo,FAQ,2026-07-26,1857.99,2178.89,2014.46,87.5
Maharashtra,Pune,Pune,Onion,Demo,FAQ,2026-07-26,2000.71,2280.84,2124.15,122.1
Maharashtra,Nagpur,Nagpur,Onion,Demo,FAQ,2026-07-26,1841.64,2125.41,1952.49,73.9
Maharashtra,Nashik,Nashik,Potato,Demo,FAQ,2026-07-26,1261.92,1598.36,1441.35,76.3
Maharashtra,Pune,Pune,Potato,Demo,FAQ,2026-07-26,1456.96,1686.0,1602.59,114.8
Maharashtra,Nagpur,Nagpur,Potato,Demo,FAQ,2026-07-26,1364.84,1665.0,1524.76,122.9
Maharashtra,Nashik,Nashik,Soyabean,Demo,FAQ,2026-07-26,4242.86,4440.24,4332.65,117.3
Maharashtra,Pune,Pune,Soyabean,Demo,FAQ,2026-07-26,4570.93,4780.0,4655.18,79.5
Maharashtra,Nagpur,Nagpur,Soyabean,Demo,FAQ,2026-07-26,4262.88,4504.66,4382.15,84.3
Maharashtra,Nashik,Nashik,Wheat,Demo,FAQ,2026-07-26,2358.81,2635.22,2465.85,108.4
Maharashtra,Pune,Pune,Wheat,Demo,FAQ,2026-07-26,2588.25,2831.28,2701.03,92.4
Maharashtra,Nagpur,Nagpur,Wheat,Demo,FAQ,2026-07-26,2155.49,2391.5,2261.23,94.0
Maharashtra,Nashik,Nashik,Tomato,Demo,FAQ,2026-08-02,2192.1,2443.87,2307.29,94.7
Maharashtra,Pune,Pune,Tomato,Demo,FAQ,2026-08-02,2322.4,2590.46,2484.79,112.0
Maharashtra,Nagpur,Nagpur,Tomato,Demo,FAQ,2026-08-02,2306.18,2641.41,2464.65,83.1
Maharashtra,Nashik,Nashik,Onion,Demo,FAQ,2026-08-02,1794.05,2020.9,1888.26,99.6
Maharashtra,Pune,Pune,Onion,Demo,FAQ,2026-08-02,2073.85,2374.09,2235.67,119.4
Maharashtra,Nagpur,Nagpur,Onion,Demo,FAQ,2026-08-02,1699.76,1964.24,1872.72,130.9
Maharashtra,Nashik,Nashik,Potato,Demo,FAQ,2026-08-02,1579.32,1817.31,1731.42,124.3
Maharashtra,Pune,Pune,Potato,Demo,FAQ,2026-08-02,1559.4,1807.74,1720.99,126.0
Maharashtra,Nagpur,Nagpur,Potato,Demo,FAQ,2026-08-02,1493.54,1745.69,1599.4,85.6
Maharashtra,Nashik,Nashik,Soyabean,Demo,FAQ,2026-08-02,4208.8,4551.98,4382.5,90.6
Maharashtra,Pune,Pune,Soyabean,Demo,FAQ,2026-08-02,4593.9,4844.99,4706.23,98.8
Maharashtra,Nagpur,Nagpur,Soyabean,Demo,FAQ,2026-08-02,4341.15,4561.04,4465.41,80.7
Maharashtra,Nashik,Nashik,Wheat,Demo,FAQ,2026-08-02,2190.86,2496.37,2370.84,136.7
Maharashtra,Pune,Pune,Wheat,Demo,FAQ,2026-08-02,2662.01,2962.49,2790.25,78.2
Maharashtra,Nagpur,Nagpur,Wheat,Demo,FAQ,2026-08-02,2442.38,2706.74,2533.78,90.6
Maharashtra,Nashik,Nashik,Tomato,Demo,FAQ,2026-08-09,2111.5,2338.49,2222.98,123.9
Maharashtra,Pune,Pune,Tomato,Demo,FAQ,2026-08-09,2210.65,2431.28,2332.27,102.7
Maharashtra,Nagpur,Nagpur,Tomato,Demo,FAQ,2026-08-09,2146.46,2402.31,2251.79,104.4
Maharashtra,Nashik,Nashik,Onion,Demo,FAQ,2026-08-09,1988.63,2217.88,2072.51,102.7
Maharashtra,Pune,Pune,Onion,Demo,FAQ,2026-08-09,2270.57,2505.52,2416.12,86.6
Maharashtra,Nagpur,Nagpur,Onion,Demo,FAQ,2026-08-09,1636.44,1958.92,1791.3,78.9
Maharashtra,Nashik,Nashik,Potato,Demo,FAQ,2026-08-09,1584.95,1813.8,1696.96,94.2
Maharashtra,Pune,Pune,Potato,Demo,FAQ,2026-08-09,1817.77,2013.52,1927.46,129.0
Maharashtra,Nagpur,Nagpur,Potato,Demo,FAQ,2026-08-09,1386.23,1610.28,1491.68,133.3
Maharashtra,Nashik,Nashik,Soyabean,Demo,FAQ,2026-08-09,4182.63,4431.52,4288.82,101.8
Maharashtra,Pune,Pune,Soyabean,Demo,FAQ,2026-08-09,4521.22,4769.15,4635.76,78.1
Maharashtra,Nagpur,Nagpur,Soyabean,Demo,FAQ,2026-08-09,4272.47,4529.11,4390.36,123.1
Maharashtra,Nashik,Nashik,Wheat,Demo,FAQ,2026-08-09,2509.09,2812.26,2641.28,140.9
Maharashtra,Pune,Pune,Wheat,Demo,FAQ,2026-08-09,2628.23,2837.01,2714.1,102.7
Maharashtra,Nagpur,Nagpur,Wheat,Demo,FAQ,2026-08-09,2327.76,2632.27,2506.43,113.7
Maharashtra,Nashik,Nashik,Tomato,Demo,FAQ,2026-08-16,2417.53,2646.39,2553.73,90.5
Maharashtra,Pune,Pune,Tomato,Demo,FAQ,2026-08-16,2360.92,2644.03,2491.69,122.2
Maharashtra,Nagpur,Nagpur,Tomato,Demo,FAQ,2026-08-16,1919.17,2203.31,2062.06,123.9
Maharashtra,Nashik,Nashik,Onion,Demo,FAQ,2026-08-16,1886.41,2217.56,2050.65,138.0
Maharashtra,Pune,Pune,Onion,Demo,FAQ,2026-08-16,2082.83,2320.07,2218.45,109.0
Maharashtra,Nagpur,Nagpur,Onion,Demo,FAQ,2026-08-16,2057.8,2324.66,2202.64,87.0
Maharashtra,Nashik,Nashik,Potato,Demo,FAQ,2026-08-16,1497.12,1761.4,1611.02,139.7
Maharashtra,Pune,Pune,Potato,Demo,FAQ,2026-08-16,1690.16,1948.32,1779.51,130.1
Maharashtra,Nagpur,Nagpur,Potato,Demo,FAQ,2026-08-16,1529.53,1738.74,1629.51,146.8
Maharashtra,Nashik,Nashik,Soyabean,Demo,FAQ,2026-08-16,4537.04,4828.91,4687.86,148.5
Maharashtra,Pune,Pune,Soyabean,Demo,FAQ,2026-08-16,4693.53,4887.4,4803.44,144.1
Maharashtra,Nagpur,Nagpur,Soyabean,Demo,FAQ,2026-08-16,4166.15,4330.96,4250.47,141.5
Maharashtra,Nashik,Nashik,Wheat,Demo,FAQ,2026-08-16,2505.33,2835.86,2680.21,147.6
Maharashtra,Pune,Pune,Wheat,Demo,FAQ,2026-08-16,2642.74,2894.96,2771.35,111.6
Maharashtra,Nagpur,Nagpur,Wheat,Demo,FAQ,2026-08-16,2166.27,2421.55,2298.44,108.1
Maharashtra,Nashik,Nashik,Tomato,Demo,FAQ,2026-08-23,2330.29,2679.6,2500.1,89.4
Maharashtra,Pune,Pune,Tomato,Demo,FAQ,2026-08-23,2307.31,2523.85,2425.77,136.9
Maharashtra,Nagpur,Nagpur,Tomato,Demo,FAQ,2026-08-23,2218.51,2424.71,2327.26,94.0
Maharashtra,Nashik,Nashik,Onion,Demo,FAQ,2026-08-23,1914.61,2216.16,2044.23,117.7
Maharashtra,Pune,Pune,Onion,Demo,FAQ,2026-08-23,2183.21,2390.24,2269.91,145.1
Maharashtra,Nagpur,Nagpur,Onion,Demo,FAQ,2026-08-23,1972.68,2257.56,2078.96,134.2
Maharashtra,Nashik,Nashik,Potato,Demo,FAQ,2026-08-23,1516.77,1753.94,1616.58,100.4
Maharashtra,Pune,Pune,Potato,Demo,FAQ,2026-08-23,1543.81,1799.52,1681.85,127.8
Maharashtra,Nagpur,Nagpur,Potato,Demo,FAQ,2026-08-23,1708.68,1925.38,1802.54,142.4
Maharashtra,Nashik,Nashik,Soyabean,Demo,FAQ,2026-08-23,4446.69,4730.47,4613.51,106.8
Maharashtra,Pune,Pune,Soyabean,Demo,FAQ,2026-08-23,4749.55,4933.5,4836.47,112.3
Maharashtra,Nagpur,Nagpur,Soyabean,Demo,FAQ,2026-08-23,4454.14,4715.73,4606.93,118.6
Maharashtra,Nashik,Nashik,Wheat,Demo,FAQ,2026-08-23,2623.1,2876.0,2709.74,113.2
Maharashtra,Pune,Pune,Wheat,Demo,FAQ,2026-08-23,2541.05,2712.32,2629.95,90.4
Maharashtra,Nagpur,Nagpur,Wheat,Demo,FAQ,2026-08-23,2245.76,2514.59,2411.12,125.0
Maharashtra,Nashik,Nashik,Tomato,Demo,FAQ,2026-08-30,2225.21,2507.39,2347.84,110.1
Maharashtra,Pune,Pune,Tomato,Demo,FAQ,2026-08-30,2652.18,2961.15,2782.25,95.9
Maharashtra,Nagpur,Nagpur,Tomato,Demo,FAQ,2026-08-30,2168.3,2416.55,2331.37,117.7
Maharashtra,Nashik,Nashik,Onion,Demo,FAQ,2026-08-30,2095.62,2410.78,2264.25,128.1
Maharashtra,Pune,Pune,Onion,Demo,FAQ,2026-08-30,2187.63,2415.82,2293.96,103.5
Maharashtra,Nagpur,Nagpur,Onion,Demo,FAQ,2026-08-30,2135.98,2394.35,2268.13,147.1
Maharashtra,Nashik,Nashik,Potato,Demo,FAQ,2026-08-30,1840.39,2056.02,1950.93,120.5
Maharashtra,Pune,Pune,Potato,Demo,FAQ,2026-08-30,1569.0,1831.2,1663.99,91.1
Maharashtra,Nagpur,Nagpur,Potato,Demo,FAQ,2026-08-30,1783.01,2025.78,1876.39,103.5
Maharashtra,Nashik,Nashik,Soyabean,Demo,FAQ,2026-08-30,4387.99,4586.81,4491.75,115.8
Maharashtra,Pune,Pune,Soyabean,Demo,FAQ,2026-08-30,4661.24,4902.19,4745.97,112.0
Maharashtra,Nagpur,Nagpur,Soyabean,Demo,FAQ,2026-08-30,4747.6,4986.9,4832.09,101.6
Maharashtra,Nashik,Nashik,Wheat,Demo,FAQ,2026-08-30,2562.06,2856.88,2701.27,125.3
Maharashtra,Pune,Pune,Wheat,Demo,FAQ,2026-08-30,2422.34,2642.95,2503.43,122.4
Maharashtra,Nagpur,Nagpur,Wheat,Demo,FAQ,2026-08-30,2277.86,2482.57,2383.62,91.1
Maharashtra,Nashik,Nashik,Rice,Demo,FAQ,2025-08-31,2266.02,2477.85,2383.38,161.3
Maharashtra,Pune,Pune,Rice,Demo,FAQ,2025-08-31,2491.97,2755.99,2605.78,100.2
Maharashtra,Nagpur,Nagpur,Rice,Demo,FAQ,2025-08-31,2072.32,2324.83,2174.66,105.0
Maharashtra,Nashik,Nashik,Rice,Demo,FAQ,2025-09-07,2240.94,2478.39,2389.42,114.2
Maharashtra,Pune,Pune,Rice,Demo,FAQ,2025-09-07,2439.61,2661.55,2521.49,93.3
Maharashtra,Nagpur,Nagpur,Rice,Demo,FAQ,2025-09-07,2296.9,2505.03,2385.34,115.2
Maharashtra,Nashik,Nashik,Rice,Demo,FAQ,2025-09-14,2456.03,2626.04,2542.93,116.5
Maharashtra,Pune,Pune,Rice,Demo,FAQ,2025-09-14,2368.2,2616.2,2457.49,132.0
Maharashtra,Nagpur,Nagpur,Rice,Demo,FAQ,2025-09-14,2210.18,2443.66,2315.7,109.3
Maharashtra,Nashik,Nashik,Rice,Demo,FAQ,2025-09-21,2312.82,2561.28,2472.54,141.0
Maharashtra,Pune,Pune,Rice,Demo,FAQ,2025-09-21,2451.17,2729.7,2564.8,128.2
Maharashtra,Nagpur,Nagpur,Rice,Demo,FAQ,2025-09-21,2261.62,2559.64,2404.09,168.8
Maharashtra,Nashik,Nashik,Rice,Demo,FAQ,2025-09-28,2347.37,2567.2,2448.65,126.9
Maharashtra,Pune,Pune,Rice,Demo,FAQ,2025-09-28,2537.99,2799.47,2699.52,99.4
Maharashtra,Nagpur,Nagpur,Rice,Demo,FAQ,2025-09-28,2257.39,2457.95,2333.28,150.1
Maharashtra,Nashik,Nashik,Rice,Demo,FAQ,2025-10-05,2522.58,2711.19,2611.4,172.7
Maharashtra,Pune,Pune,Rice,Demo,FAQ,2025-10-05,2564.58,2724.36,2648.81,178.4
Maharashtra,Nagpur,Nagpur,Rice,Demo,FAQ,2025-10-05,2314.51,2482.68,2404.17,140.9
Maharashtra,Nashik,Nashik,Rice,Demo,FAQ,2025-10-12,2388.49,2618.02,2506.06,117.6
Maharashtra,Pune,Pune,Rice,Demo,FAQ,2025-10-12,2768.41,2983.13,2875.82,160.6
Maharashtra,Nagpur,Nagpur,Rice,Demo,FAQ,2025-10-12,2310.34,2555.54,2418.85,125.7
Maharashtra,Nashik,Nashik,Rice,Demo,FAQ,2025-10-19,2456.13,2747.14,2600.01,156.7
Maharashtra,Pune,Pune,Rice,Demo,FAQ,2025-10-19,2754.08,3042.12,2882.84,142.5
Maharashtra,Nagpur,Nagpur,Rice,Demo,FAQ,2025-10-19,2455.27,2621.32,2539.65,150.8
Maharashtra,Nashik,Nashik,Rice,Demo,FAQ,2025-10-26,2473.6,2777.19,2631.71,187.9
Maharashtra,Pune,Pune,Rice,Demo,FAQ,2025-10-26,2399.88,2719.69,2565.2,201.1
Maharashtra,Nagpur,Nagpur,Rice,Demo,FAQ,2025-10-26,2288.49,2522.47,2439.09,192.7
Maharashtra,Nashik,Nashik,Rice,Demo,FAQ,2025-11-02,2365.95,2574.86,2444.56,133.7
Maharashtra,Pune,Pune,Rice,Demo,FAQ,2025-11-02,2632.62,2926.45,2787.56,133.7
Maharashtra,Nagpur,Nagpur,Rice,Demo,FAQ,2025-11-02,2525.6,2698.12,2607.64,113.0
Maharashtra,Nashik,Nashik,Rice,Demo,FAQ,2025-11-09,2525.93,2774.67,2628.62,203.7
Maharashtra,Pune,Pune,Rice,Demo,FAQ,2025-11-09,2750.32,2994.81,2863.62,156.1
Maharashtra,Nagpur,Nagpur,Rice,Demo,FAQ,2025-11-09,2682.18,2944.33,2802.95,163.5
Maharashtra,Nashik,Nashik,Rice,Demo,FAQ,2025-11-16,2600.96,2840.36,2689.82,116.9
Maharashtra,Pune,Pune,Rice,Demo,FAQ,2025-11-16,2809.13,3084.67,2933.88,196.0
Maharashtra,Nagpur,Nagpur,Rice,Demo,FAQ,2025-11-16,2584.89,2786.35,2671.51,123.0
Maharashtra,Nashik,Nashik,Rice,Demo,FAQ,2025-11-23,2412.28,2680.54,2522.55,171.6
Maharashtra,Pune,Pune,Rice,Demo,FAQ,2025-11-23,2674.38,2869.09,2764.31,134.2
Maharashtra,Nagpur,Nagpur,Rice,Demo,FAQ,2025-11-23,2534.42,2769.23,2610.3,194.6
Maharashtra,Nashik,Nashik,Rice,Demo,FAQ,2025-11-30,2637.98,2910.07,2762.68,177.8
Maharashtra,Pune,Pune,Rice,Demo,FAQ,2025-11-30,2670.45,2896.72,2819.72,164.7
Maharashtra,Nagpur,Nagpur,Rice,Demo,FAQ,2025-11-30,2265.81,2427.55,2343.89,171.9
Maharashtra,Nashik,Nashik,Rice,Demo,FAQ,2025-12-07,2319.19,2586.7,2428.89,133.6
Maharashtra,Pune,Pune,Rice,Demo,FAQ,2025-12-07,2875.99,3069.18,2961.96,186.4
Maharashtra,Nagpur,Nagpur,Rice,Demo,FAQ,2025-12-07,2313.92,2481.33,2406.1,145.4
Maharashtra,Nashik,Nashik,Rice,Demo,FAQ,2025-12-14,2446.96,2681.17,2567.73,105.4
Maharashtra,Pune,Pune,Rice,Demo,FAQ,2025-12-14,2695.83,2940.81,2857.73,181.0
Maharashtra,Nagpur,Nagpur,Rice,Demo,FAQ,2025-12-14,2340.01,2515.88,2436.24,178.8
Maharashtra,Nashik,Nashik,Rice,Demo,FAQ,2025-12-21,2562.32,2727.7,2636.78,127.1
Maharashtra,Pune,Pune,Rice,Demo,FAQ,2025-12-21,2749.38,2963.82,2833.16,181.7
Maharashtra,Nagpur,Nagpur,Rice,Demo,FAQ,2025-12-21,2498.69,2752.56,2624.66,133.8
Maharashtra,Nashik,Nashik,Rice,Demo,FAQ,2025-12-28,2376.62,2525.71,2450.59,155.6
Maharashtra,Pune,Pune,Rice,Demo,FAQ,2025-12-28,2803.47,3016.13,2930.85,155.6
Maharashtra,Nagpur,Nagpur,Rice,Demo,FAQ,2025-12-28,2375.27,2652.8,2529.87,134.0
Maharashtra,Nashik,Nashik,Rice,Demo,FAQ,2026-01-04,2334.68,2592.59,2451.51,108.3
Maharashtra,Pune,Pune,Rice,Demo,FAQ,2026-01-04,2612.54,2842.18,2721.02,162.5
Maharashtra,Nagpur,Nagpur,Rice,Demo,FAQ,2026-01-04,2480.98,2767.48,2621.85,135.9
Maharashtra,Nashik,Nashik,Rice,Demo,FAQ,2026-01-11,2400.86,2615.03,2517.55,101.7
Maharashtra,Pune,Pune,Rice,Demo,FAQ,2026-01-11,2613.37,2893.12,2731.27,151.5
Maharashtra,Nagpur,Nagpur,Rice,Demo,FAQ,2026-01-11,2358.25,2561.22,2477.44,145.2
Maharashtra,Nashik,Nashik,Rice,Demo,FAQ,2026-01-18,2507.86,2742.96,2604.02,119.4
Maharashtra,Pune,Pune,Rice,Demo,FAQ,2026-01-18,2654.41,2913.29,2808.47,111.8
Maharashtra,Nagpur,Nagpur,Rice,Demo,FAQ,2026-01-18,2412.68,2605.26,2509.13,110.7
Maharashtra,Nashik,Nashik,Rice,Demo,FAQ,2026-01-25,2336.38,2609.95,2467.27,156.9
Maharashtra,Pune,Pune,Rice,Demo,FAQ,2026-01-25,2610.66,2862.34,2703.75,107.2
Maharashtra,Nagpur,Nagpur,Rice,Demo,FAQ,2026-01-25,2185.65,2391.86,2318.05,130.9
Maharashtra,Nashik,Nashik,Rice,Demo,FAQ,2026-02-01,2454.67,2692.9,2587.8,165.6
Maharashtra,Pune,Pune,Rice,Demo,FAQ,2026-02-01,2475.01,2674.27,2589.1,144.7
Maharashtra,Nagpur,Nagpur,Rice,Demo,FAQ,2026-02-01,2307.41,2576.32,2442.42,127.4
Maharashtra,Nashik,Nashik,Rice,Demo,FAQ,2026-02-08,2291.26,2544.89,2387.33,119.4
Maharashtra,Pune,Pune,Rice,Demo,FAQ,2026-02-08,2518.21,2832.98,2669.39,197.4
Maharashtra,Nagpur,Nagpur,Rice,Demo,FAQ,2026-02-08,2098.46,2386.16,2242.4,180.9
Maharashtra,Nashik,Nashik,Rice,Demo,FAQ,2026-02-15,2290.02,2534.09,2414.42,200.5
Maharashtra,Pune,Pune,Rice,Demo,FAQ,2026-02-15,2537.08,2835.6,2670.73,160.9
Maharashtra,Nagpur,Nagpur,Rice,Demo,FAQ,2026-02-15,2405.99,2628.92,2488.35,124.9
Maharashtra,Nashik,Nashik,Rice,Demo,FAQ,2026-02-22,2257.99,2496.76,2399.47,122.6
Maharashtra,Pune,Pune,Rice,Demo,FAQ,2026-02-22,2439.8,2702.42,2559.79,196.6
Maharashtra,Nagpur,Nagpur,Rice,Demo,FAQ,2026-02-22,2407.99,2609.2,2515.44,205.1
Maharashtra,Nashik,Nashik,Rice,Demo,FAQ,2026-03-01,2333.55,2561.6,2436.1,120.7
Maharashtra,Pune,Pune,Rice,Demo,FAQ,2026-03-01,2359.99,2513.38,2439.67,151.2
Maharashtra,Nagpur,Nagpur,Rice,Demo,FAQ,2026-03-01,1990.17,2279.13,2146.07,145.1
Maharashtra,Nashik,Nashik,Rice,Demo,FAQ,2026-03-08,2152.41,2366.33,2262.93,147.5
Maharashtra,Pune,Pune,Rice,Demo,FAQ,2026-03-08,2310.06,2584.49,2436.73,193.8
Maharashtra,Nagpur,Nagpur,Rice,Demo,FAQ,2026-03-08,2046.08,2329.19,2209.72,165.8
Maharashtra,Nashik,Nashik,Rice,Demo,FAQ,2026-03-15,2322.27,2561.3,2400.71,150.2
Maharashtra,Pune,Pune,Rice,Demo,FAQ,2026-03-15,2273.19,2558.66,2431.79,189.0
Maharashtra,Nagpur,Nagpur,Rice,Demo,FAQ,2026-03-15,2168.61,2381.96,2245.77,112.7
Maharashtra,Nashik,Nashik,Rice,Demo,FAQ,2026-03-22,2251.86,2507.44,2353.41,198.8
Maharashtra,Pune,Pune,Rice,Demo,FAQ,2026-03-22,2302.92,2540.66,2424.4,115.0
Maharashtra,Nagpur,Nagpur,Rice,Demo,FAQ,2026-03-22,2259.59,2483.31,2348.23,109.0
Maharashtra,Nashik,Nashik,Rice,Demo,FAQ,2026-03-29,2101.84,2337.79,2227.65,177.9
Maharashtra,Pune,Pune,Rice,Demo,FAQ,2026-03-29,2300.52,2542.65,2379.92,179.0
Maharashtra,Nagpur,Nagpur,Rice,Demo,FAQ,2026-03-29,2195.77,2386.71,2286.8,199.1
Maharashtra,Nashik,Nashik,Rice,Demo,FAQ,2026-04-05,2158.08,2329.05,2237.5,190.2
Maharashtra,Pune,Pune,Rice,Demo,FAQ,2026-04-05,2317.18,2597.75,2474.73,181.0
Maharashtra,Nagpur,Nagpur,Rice,Demo,FAQ,2026-04-05,2074.89,2314.32,2167.06,192.5
Maharashtra,Nashik,Nashik,Rice,Demo,FAQ,2026-04-12,2249.66,2523.11,2405.76,119.0
Maharashtra,Pune,Pune,Rice,Demo,FAQ,2026-04-12,2191.16,2473.64,2340.41,179.6
Maharashtra,Nagpur,Nagpur,Rice,Demo,FAQ,2026-04-12,1989.72,2235.0,2102.71,156.1
Maharashtra,Nashik,Nashik,Rice,Demo,FAQ,2026-04-19,2011.7,2230.19,2150.16,139.4
Maharashtra,Pune,Pune,Rice,Demo,FAQ,2026-04-19,2089.44,2377.42,2235.0,145.9
Maharashtra,Nagpur,Nagpur,Rice,Demo,FAQ,2026-04-19,2090.65,2354.58,2205.49,140.5
Maharashtra,Nashik,Nashik,Rice,Demo,FAQ,2026-04-26,1850.53,2169.56,2015.66,113.7
Maharashtra,Pune,Pune,Rice,Demo,FAQ,2026-04-26,2208.62,2421.69,2311.13,114.7
Maharashtra,Nagpur,Nagpur,Rice,Demo,FAQ,2026-04-26,1968.97,2258.32,2098.35,115.8
Maharashtra,Nashik,Nashik,Rice,Demo,FAQ,2026-05-03,2166.7,2358.45,2248.49,95.4
Maharashtra,Pune,Pune,Rice,Demo,FAQ,2026-05-03,2039.01,2237.77,2146.8,101.5
Maharashtra,Nagpur,Nagpur,Rice,Demo,FAQ,2026-05-03,1875.68,2104.71,1987.01,170.5
Maharashtra,Nashik,Nashik,Rice,Demo,FAQ,2026-05-10,2273.85,2505.51,2352.1,144.5
Maharashtra,Pune,Pune,Rice,Demo,FAQ,2026-05-10,2049.3,2323.36,2179.84,128.9
Maharashtra,Nagpur,Nagpur,Rice,Demo,FAQ,2026-05-10,1937.2,2242.58,2082.64,161.1
Maharashtra,Nashik,Nashik,Rice,Demo,FAQ,2026-05-17,2082.01,2327.78,2183.33,94.8
Maharashtra,Pune,Pune,Rice,Demo,FAQ,2026-05-17,1998.73,2262.29,2128.11,93.8
Maharashtra,Nagpur,Nagpur,Rice,Demo,FAQ,2026-05-17,1920.41,2090.11,1996.26,151.1
Maharashtra,Nashik,Nashik,Rice,Demo,FAQ,2026-05-24,2019.11,2281.68,2177.53,82.1
Maharashtra,Pune,Pune,Rice,Demo,FAQ,2026-05-24,2275.4,2450.36,2368.48,115.5
Maharashtra,Nagpur,Nagpur,Rice,Demo,FAQ,2026-05-24,1837.08,2081.91,1917.24,90.3
Maharashtra,Nashik,Nashik,Rice,Demo,FAQ,2026-05-31,1896.47,2168.55,2032.15,96.5
Maharashtra,Pune,Pune,Rice,Demo,FAQ,2026-05-31,2068.58,2294.53,2183.29,86.1
Maharashtra,Nagpur,Nagpur,Rice,Demo,FAQ,2026-05-31,1841.62,2049.84,1935.68,130.5
Maharashtra,Nashik,Nashik,Rice,Demo,FAQ,2026-06-07,1975.07,2213.38,2118.57,95.0
Maharashtra,Pune,Pune,Rice,Demo,FAQ,2026-06-07,2234.84,2497.62,2354.45,116.9
Maharashtra,Nagpur,Nagpur,Rice,Demo,FAQ,2026-06-07,2012.36,2272.06,2177.85,96.7
Maharashtra,Nashik,Nashik,Rice,Demo,FAQ,2026-06-14,2023.72,2216.32,2126.43,125.0
Maharashtra,Pune,Pune,Rice,Demo,FAQ,2026-06-14,2233.51,2411.99,2332.42,132.3
Maharashtra,Nagpur,Nagpur,Rice,Demo,FAQ,2026-06-14,2002.22,2204.94,2129.34,96.4
Maharashtra,Nashik,Nashik,Rice,Demo,FAQ,2026-06-21,1861.68,2033.37,1939.19,101.4
Maharashtra,Pune,Pune,Rice,Demo,FAQ,2026-06-21,2032.31,2233.84,2143.99,123.0
Maharashtra,Nagpur,Nagpur,Rice,Demo,FAQ,2026-06-21,1807.69,2058.58,1966.45,85.4
Maharashtra,Nashik,Nashik,Rice,Demo,FAQ,2026-06-28,1983.37,2272.75,2113.89,99.8
Maharashtra,Pune,Pune,Rice,Demo,FAQ,2026-06-28,2199.78,2501.56,2337.13,124.2
Maharashtra,Nagpur,Nagpur,Rice,Demo,FAQ,2026-06-28,1973.01,2190.37,2054.75,121.9
Maharashtra,Nashik,Nashik,Rice,Demo,FAQ,2026-07-05,2047.03,2250.84,2175.23,99.9
Maharashtra,Pune,Pune,Rice,Demo,FAQ,2026-07-05,2257.63,2475.32,2362.96,79.6
Maharashtra,Nagpur,Nagpur,Rice,Demo,FAQ,2026-07-05,1815.27,2121.19,1960.89,100.7
Maharashtra,Nashik,Nashik,Rice,Demo,FAQ,2026-07-12,2120.44,2406.32,2242.88,128.9
Maharashtra,Pune,Pune,Rice,Demo,FAQ,2026-07-12,2202.39,2380.18,2303.72,96.1
Maharashtra,Nagpur,Nagpur,Rice,Demo,FAQ,2026-07-12,2048.74,2276.92,2140.76,128.9
Maharashtra,Nashik,Nashik,Rice,Demo,FAQ,2026-07-19,1922.68,2098.1,2021.48,72.6
Maharashtra,Pune,Pune,Rice,Demo,FAQ,2026-07-19,2223.14,2422.93,2314.49,79.7
Maharashtra,Nagpur,Nagpur,Rice,Demo,FAQ,2026-07-19,2048.97,2257.52,2153.76,113.6
Maharashtra,Nashik,Nashik,Rice,Demo,FAQ,2026-07-26,2170.11,2424.4,2268.58,99.6
Maharashtra,Pune,Pune,Rice,Demo,FAQ,2026-07-26,2381.19,2604.78,2484.95,79.5
Maharashtra,Nagpur,Nagpur,Rice,Demo,FAQ,2026-07-26,1983.05,2200.18,2080.33,88.3
Maharashtra,Nashik,Nashik,Rice,Demo,FAQ,2026-08-02,2015.59,2296.66,2181.17,101.3
Maharashtra,Pune,Pune,Rice,Demo,FAQ,2026-08-02,2449.05,2725.49,2567.03,102.1
Maharashtra,Nagpur,Nagpur,Rice,Demo,FAQ,2026-08-02,2246.99,2490.2,2331.08,98.0
Maharashtra,Nashik,Nashik,Rice,Demo,FAQ,2026-08-09,2308.36,2587.28,2429.98,131.6
Maharashtra,Pune,Pune,Rice,Demo,FAQ,2026-08-09,2417.97,2610.05,2496.97,87.4
Maharashtra,Nagpur,Nagpur,Rice,Demo,FAQ,2026-08-09,2141.54,2421.69,2305.92,86.6
Maharashtra,Nashik,Nashik,Rice,Demo,FAQ,2026-08-16,2304.9,2608.99,2465.79,116.9
Maharashtra,Pune,Pune,Rice,Demo,FAQ,2026-08-16,2431.32,2663.36,2549.64,82.6
Maharashtra,Nagpur,Nagpur,Rice,Demo,FAQ,2026-08-16,1992.97,2227.83,2114.56,83.5
Maharashtra,Nashik,Nashik,Rice,Demo,FAQ,2026-08-23,2413.25,2645.92,2492.96,131.4
Maharashtra,Pune,Pune,Rice,Demo,FAQ,2026-08-23,2337.77,2495.33,2419.55,93.1
Maharashtra,Nagpur,Nagpur,Rice,Demo,FAQ,2026-08-23,2066.1,2313.42,2218.23,115.9
Maharashtra,Nashik,Nashik,Rice,Demo,FAQ,2026-08-30,2357.1,2628.33,2485.17,151.9
Maharashtra,Pune,Pune,Rice,Demo,FAQ,2026-08-30,2228.55,2431.51,2303.16,149.0
Maharashtra,Nagpur,Nagpur,Rice,Demo,FAQ,2026-08-30,2095.63,2283.96,2192.93,157.6
Maharashtra,Nashik,Nashik,Cotton,Demo,FAQ,2025-08-31,6146.19,6475.22,6275.02,106.9
Maharashtra,Pune,Pune,Cotton,Demo,FAQ,2025-08-31,6526.64,6917.24,6765.26,158.5
Maharashtra,Nagpur,Nagpur,Cotton,Demo,FAQ,2025-08-31,5777.6,6082.56,5948.98,107.9
Maharashtra,Nashik,Nashik,Cotton,Demo,FAQ,2025-09-07,5910.08,6165.54,6049.67,109.2
Maharashtra,Pune,Pune,Cotton,Demo,FAQ,2025-09-07,6391.74,6736.73,6539.37,91.3
Maharashtra,Nagpur,Nagpur,Cotton,Demo,FAQ,2025-09-07,5838.29,6249.8,6052.12,143.9
Maharashtra,Nashik,Nashik,Cotton,Demo,FAQ,2025-09-14,6044.07,6403.09,6210.41,144.4
Maharashtra,Pune,Pune,Cotton,Demo,FAQ,2025-09-14,6562.44,6877.58,6758.17,149.5
Maharashtra,Nagpur,Nagpur,Cotton,Demo,FAQ,2025-09-14,6076.61,6364.91,6190.22,147.4
Maharashtra,Nashik,Nashik,Cotton,Demo,FAQ,2025-09-21,5995.53,6336.51,6178.44,113.3
Maharashtra,Pune,Pune,Cotton,Demo,FAQ,2025-09-21,6187.1,6555.03,6404.21,109.0
Maharashtra,Nagpur,Nagpur,Cotton,Demo,FAQ,2025-09-21,6203.43,6528.24,6350.7,179.5
Maharashtra,Nashik,Nashik,Cotton,Demo,FAQ,2025-09-28,5863.09,6241.17,6039.44,118.1
Maharashtra,Pune,Pune,Cotton,Demo,FAQ,2025-09-28,6241.66,6593.18,6376.63,128.1
Maharashtra,Nagpur,Nagpur,Cotton,Demo,FAQ,2025-09-28,6177.18,6510.64,6384.95,176.6
Maharashtra,Nashik,Nashik,Cotton,Demo,FAQ,2025-10-05,6010.11,6350.55,6228.35,172.7
Maharashtra,Pune,Pune,Cotton,Demo,FAQ,2025-10-05,6230.48,6546.46,6418.72,165.9
Maharashtra,Nagpur,Nagpur,Cotton,Demo,FAQ,2025-10-05,6401.17,6678.49,6551.06,169.3
Maharashtra,Nashik,Nashik,Cotton,Demo,FAQ,2025-10-12,6264.14,6570.67,6390.29,178.1
Maharashtra,Pune,Pune,Cotton,Demo,FAQ,2025-10-12,6441.07,6835.32,6664.84,194.4
Maharashtra,Nagpur,Nagpur,Cotton,Demo,FAQ,2025-10-12,6069.91,6408.23,6264.26,167.6
Maharashtra,Nashik,Nashik,Cotton,Demo,FAQ,2025-10-19,6159.5,6489.37,6301.71,125.8
Maharashtra,Pune,Pune,Cotton,Demo,FAQ,2025-10-19,6368.52,6690.83,6559.7,159.1
Maharashtra,Nagpur,Nagpur,Cotton,Demo,FAQ,2025-10-19,6332.81,6688.99,6518.08,146.0
Maharashtra,Nashik,Nashik,Cotton,Demo,FAQ,2025-10-26,5978.53,6366.57,6165.95,143.3
Maharashtra,Pune,Pune,Cotton,Demo,FAQ,2025-10-26,6541.17,6929.93,6710.5,197.5
Maharashtra,Nagpur,Nagpur,Cotton,Demo,FAQ,2025-10-26,5982.85,6320.47,6152.75,177.0
Maharashtra,Nashik,Nashik,Cotton,Demo,FAQ,2025-11-02,6537.27,6953.23,6730.33,138.6
Maharashtra,Pune,Pune,Cotton,Demo,FAQ,2025-11-02,6410.08,6751.31,6617.25,139.8
Maharashtra,Nagpur,Nagpur,Cotton,Demo,FAQ,2025-11-02,6114.2,6558.37,6318.04,195.7
Maharashtra,Nashik,Nashik,Cotton,Demo,FAQ,2025-11-09,6233.31,6510.67,6346.19,142.7
Maharashtra,Pune,Pune,Cotton,Demo,FAQ,2025-11-09,6905.07,7228.82,7043.53,139.1
Maharashtra,Nagpur,Nagpur,Cotton,Demo,FAQ,2025-11-09,6245.76,6644.0,6448.53,192.7
Maharashtra,Nashik,Nashik,Cotton,Demo,FAQ,2025-11-16,6459.24,6810.05,6609.21,182.6
Maharashtra,Pune,Pune,Cotton,Demo,FAQ,2025-11-16,6328.03,6682.91,6488.38,158.3
Maharashtra,Nagpur,Nagpur,Cotton,Demo,FAQ,2025-11-16,6253.59,6568.7,6389.81,157.1
Maharashtra,Nashik,Nashik,Cotton,Demo,FAQ,2025-11-23,6370.54,6769.71,6593.56,140.2
Maharashtra,Pune,Pune,Cotton,Demo,FAQ,2025-11-23,6511.04,6921.09,6698.3,117.2
Maharashtra,Nagpur,Nagpur,Cotton,Demo,FAQ,2025-11-23,6033.61,6388.69,6208.95,187.4
Maharashtra,Nashik,Nashik,Cotton,Demo,FAQ,2025-11-30,6166.35,6492.83,6279.89,161.1
Maharashtra,Pune,Pune,Cotton,Demo,FAQ,2025-11-30,6424.58,6836.41,6665.64,128.9
Maharashtra,Nagpur,Nagpur,Cotton,Demo,FAQ,2025-11-30,5961.37,6340.07,6124.92,140.8
Maharashtra,Nashik,Nashik,Cotton,Demo,FAQ,2025-12-07,6484.23,6843.27,6638.4,134.8
Maharashtra,Pune,Pune,Cotton,Demo,FAQ,2025-12-07,6617.44,7008.28,6860.27,191.1
Maharashtra,Nagpur,Nagpur,Cotton,Demo,FAQ,2025-12-07,6228.39,6540.47,6354.86,113.7
Maharashtra,Nashik,Nashik,Cotton,Demo,FAQ,2025-12-14,6540.39,6957.44,6739.46,178.8
Maharashtra,Pune,Pune,Cotton,Demo,FAQ,2025-12-14,6443.71,6791.04,6658.04,181.0
Maharashtra,Nagpur,Nagpur,Cotton,Demo,FAQ,2025-12-14,6408.03,6725.93,6529.79,149.0
Maharashtra,Nashik,Nashik,Cotton,Demo,FAQ,2025-12-21,6608.18,6994.43,6760.83,173.9
Maharashtra,Pune,Pune,Cotton,Demo,FAQ,2025-12-21,6371.7,6745.98,6541.91,142.7
Maharashtra,Nagpur,Nagpur,Cotton,Demo,FAQ,2025-12-21,6284.17,6525.21,6398.55,159.4
Maharashtra,Nashik,Nashik,Cotton,Demo,FAQ,2025-12-28,6636.29,7015.25,6787.1,141.6
Maharashtra,Pune,Pune,Cotton,Demo,FAQ,2025-12-28,6803.3,7055.71,6928.31,178.3
Maharashtra,Nagpur,Nagpur,Cotton,Demo,FAQ,2025-12-28,6063.51,6371.35,6194.87,127.5
Maharashtra,Nashik,Nashik,Cotton,Demo,FAQ,2026-01-04,6374.71,6736.19,6536.04,106.3
Maharashtra,Pune,Pune,Cotton,Demo,FAQ,2026-01-04,6494.53,6864.43,6732.34,106.3
Maharashtra,Nagpur,Nagpur,Cotton,Demo,FAQ,2026-01-04,6359.54,6814.71,6583.5,116.5
Maharashtra,Nashik,Nashik,Cotton,Demo,FAQ,2026-01-11,5909.46,6287.26,6146.37,125.0
Maharashtra,Pune,Pune,Cotton,Demo,FAQ,2026-01-11,6219.29,6655.95,6429.01,150.5
Maharashtra,Nagpur,Nagpur,Cotton,Demo,FAQ,2026-01-11,6077.54,6345.89,6212.81,117.6
Maharashtra,Nashik,Nashik,Cotton,Demo,FAQ,2026-01-18,6453.31,6812.71,6688.41,117.2
Maharashtra,Pune,Pune,Cotton,Demo,FAQ,2026-01-18,6475.54,6740.81,6597.1,137.0
Maharashtra,Nagpur,Nagpur,Cotton,Demo,FAQ,2026-01-18,5989.53,6285.6,6121.76,150.1
Maharashtra,Nashik,Nashik,Cotton,Demo,FAQ,2026-01-25,5705.64,6132.23,5924.11,171.6
Maharashtra,Pune,Pune,Cotton,Demo,FAQ,2026-01-25,6193.52,6554.45,6322.16,168.2
Maharashtra,Nagpur,Nagpur,Cotton,Demo,FAQ,2026-01-25,5960.79,6229.78,6075.55,153.5
Maharashtra,Nashik,Nashik,Cotton,Demo,FAQ,2026-02-01,6268.98,6662.36,6504.89,160.9
Maharashtra,Pune,Pune,Cotton,Demo,FAQ,2026-02-01,6616.94,6963.22,6779.36,179.5
Maharashtra,Nagpur,Nagpur,Cotton,Demo,FAQ,2026-02-01,6176.39,6583.54,6353.1,170.2
Maharashtra,Nashik,Nashik,Cotton,Demo,FAQ,2026-02-08,6136.03,6494.35,6326.42,184.4
Maharashtra,Pune,Pune,Cotton,Demo,FAQ,2026-02-08,6436.38,6811.17,6659.66,106.4
Maharashtra,Nagpur,Nagpur,Cotton,Demo,FAQ,2026-02-08,6175.29,6542.76,6349.41,169.0
Maharashtra,Nashik,Nashik,Cotton,Demo,FAQ,2026-02-15,6200.59,6541.96,6327.22,202.9
Maharashtra,Pune,Pune,Cotton,Demo,FAQ,2026-02-15,6272.8,6697.82,6500.26,129.7
Maharashtra,Nagpur,Nagpur,Cotton,Demo,FAQ,2026-02-15,5705.84,6058.04,5926.23,138.1
Maharashtra,Nashik,Nashik,Cotton,Demo,FAQ,2026-02-22,5984.79,6334.6,6203.92,162.6
Maharashtra,Pune,Pune,Cotton,Demo,FAQ,2026-02-22,6186.47,6629.8,6410.68,205.1
Maharashtra,Nagpur,Nagpur,Cotton,Demo,FAQ,2026-02-22,5851.48,6190.59,6070.07,163.8
Maharashtra,Nashik,Nashik,Cotton,Demo,FAQ,2026-03-01,5847.28,6164.05,6020.92,115.8
Maharashtra,Pune,Pune,Cotton,Demo,FAQ,2026-03-01,6037.62,6467.54,6247.95,150.0
Maharashtra,Nagpur,Nagpur,Cotton,Demo,FAQ,2026-03-01,5788.62,6093.2,5948.65,204.9
Maharashtra,Nashik,Nashik,Cotton,Demo,FAQ,2026-03-08,5819.74,6134.95,5943.31,192.6
Maharashtra,Pune,Pune,Cotton,Demo,FAQ,2026-03-08,5952.33,6385.23,6175.4,196.2
Maharashtra,Nagpur,Nagpur,Cotton,Demo,FAQ,2026-03-08,6061.59,6483.17,6240.62,174.3
Maharashtra,Nashik,Nashik,Cotton,Demo,FAQ,2026-03-15,6128.0,6425.49,6288.52,147.8
Maharashtra,Pune,Pune,Cotton,Demo,FAQ,2026-03-15,6046.69,6399.45,6256.7,116.3
Maharashtra,Nagpur,Nagpur,Cotton,Demo,FAQ,2026-03-15,5622.98,6044.84,5856.19,204.7
Maharashtra,Nashik,Nashik,Cotton,Demo,FAQ,2026-03-22,5806.65,6237.22,6047.24,161.7
Maharashtra,Pune,Pune,Cotton,Demo,FAQ,2026-03-22,6332.2,6654.53,6490.15,188.0
Maharashtra,Nagpur,Nagpur,Cotton,Demo,FAQ,2026-03-22,5546.48,5982.85,5761.76,154.5
Maharashtra,Nashik,Nashik,Cotton,Demo,FAQ,2026-03-29,5919.21,6267.64,6033.3,107.2
Maharashtra,Pune,Pune,Cotton,Demo,FAQ,2026-03-29,5920.33,6160.28,6044.19,170.8
Maharashtra,Nagpur,Nagpur,Cotton,Demo,FAQ,2026-03-29,6096.86,6406.09,6225.88,170.8
Maharashtra,Nashik,Nashik,Cotton,Demo,FAQ,2026-04-05,5955.44,6330.96,6091.23,129.1
Maharashtra,Pune,Pune,Cotton,Demo,FAQ,2026-04-05,6138.86,6550.86,6316.49,187.9
Maharashtra,Nagpur,Nagpur,Cotton,Demo,FAQ,2026-04-05,5513.05,5767.59,5652.96,104.9
Maharashtra,Nashik,Nashik,Cotton,Demo,FAQ,2026-04-12,5609.94,5947.4,5782.47,139.2
Maharashtra,Pune,Pune,Cotton,Demo,FAQ,2026-04-12,6057.4,6384.22,6245.45,160.5
Maharashtra,Nagpur,Nagpur,Cotton,Demo,FAQ,2026-04-12,5711.34,6066.68,5826.2,152.7
Maharashtra,Nashik,Nashik,Cotton,Demo,FAQ,2026-04-19,5805.82,6141.07,6009.43,144.8
Maharashtra,Pune,Pune,Cotton,Demo,FAQ,2026-04-19,6128.14,6428.62,6300.72,103.5
Maharashtra,Nagpur,Nagpur,Cotton,Demo,FAQ,2026-04-19,5700.31,5975.11,5849.93,178.6
Maharashtra,Nashik,Nashik,Cotton,Demo,FAQ,2026-04-26,5410.56,5748.27,5585.29,113.7
Maharashtra,Pune,Pune,Cotton,Demo,FAQ,2026-04-26,6001.18,6404.67,6183.73,161.1
Maharashtra,Nagpur,Nagpur,Cotton,Demo,FAQ,2026-04-26,5983.12,6336.58,6121.52,124.2
Maharashtra,Nashik,Nashik,Cotton,Demo,FAQ,2026-05-03,5687.44,6044.95,5908.18,118.7
Maharashtra,Pune,Pune,Cotton,Demo,FAQ,2026-05-03,5932.44,6359.74,6117.55,156.3
Maharashtra,Nagpur,Nagpur,Cotton,Demo,FAQ,2026-05-03,5695.2,6009.34,5831.28,96.4
Maharashtra,Nashik,Nashik,Cotton,Demo,FAQ,2026-05-10,5833.55,6076.16,5946.29,126.9
Maharashtra,Pune,Pune,Cotton,Demo,FAQ,2026-05-10,5890.16,6240.32,6103.85,150.3
Maharashtra,Nagpur,Nagpur,Cotton,Demo,FAQ,2026-05-10,5567.09,6012.51,5789.97,125.0
Maharashtra,Nashik,Nashik,Cotton,Demo,FAQ,2026-05-17,5932.04,6293.9,6173.23,88.2
Maharashtra,Pune,Pune,Cotton,Demo,FAQ,2026-05-17,5894.49,6267.04,6120.7,142.6
Maharashtra,Nagpur,Nagpur,Cotton,Demo,FAQ,2026-05-17,5474.05,5874.03,5633.73,103.2
Maharashtra,Nashik,Nashik,Cotton,Demo,FAQ,2026-05-24,5606.86,5936.53,5801.31,131.8
Maharashtra,Pune,Pune,Cotton,Demo,FAQ,2026-05-24,5833.13,6205.91,6050.71,139.9
Maharashtra,Nagpur,Nagpur,Cotton,Demo,FAQ,2026-05-24,5716.58,6082.88,5843.61,121.0
Maharashtra,Nashik,Nashik,Cotton,Demo,FAQ,2026-05-31,5624.41,5957.02,5772.24,132.2
Maharashtra,Pune,Pune,Cotton,Demo,FAQ,2026-05-31,6070.25,6445.02,6253.08,123.5
Maharashtra,Nagpur,Nagpur,Cotton,Demo,FAQ,2026-05-31,5912.68,6231.1,6104.86,91.3
Maharashtra,Nashik,Nashik,Cotton,Demo,FAQ,2026-06-07,5462.73,5760.02,5575.08,76.5
Maharashtra,Pune,Pune,Cotton,Demo,FAQ,2026-06-07,5818.59,6184.23,6053.64,75.7
Maharashtra,Nagpur,Nagpur,Cotton,Demo,FAQ,2026-06-07,5581.66,5928.31,5733.69,96.7
Maharashtra,Nashik,Nashik,Cotton,Demo,FAQ,2026-06-14,5584.05,5861.86,5736.69,91.5
Maharashtra,Pune,Pune,Cotton,Demo,FAQ,2026-06-14,6004.68,6395.75,6227.5,76.8
Maharashtra,Nagpur,Nagpur,Cotton,Demo,FAQ,2026-06-14,5206.98,5600.27,5417.5,100.5
Maharashtra,Nashik,Nashik,Cotton,Demo,FAQ,2026-06-21,5374.61,5759.95,5569.55,111.8
Maharashtra,Pune,Pune,Cotton,Demo,FAQ,2026-06-21,5912.24,6333.75,6129.68,93.4
Maharashtra,Nagpur,Nagpur,Cotton,Demo,FAQ,2026-06-21,5753.67,6115.26,5925.8,134.9
Maharashtra,Nashik,Nashik,Cotton,Demo,FAQ,2026-06-28,5892.64,6200.91,6030.27,99.1
Maharashtra,Pune,Pune,Cotton,Demo,FAQ,2026-06-28,5767.19,6111.36,5974.29,104.6
Maharashtra,Nagpur,Nagpur,Cotton,Demo,FAQ,2026-06-28,5877.45,6259.49,6036.51,81.8
Maharashtra,Nashik,Nashik,Cotton,Demo,FAQ,2026-07-05,5519.68,5838.28,5715.62,129.6
Maharashtra,Pune,Pune,Cotton,Demo,FAQ,2026-07-05,6028.92,6340.09,6170.44,81.2
Maharashtra,Nagpur,Nagpur,Cotton,Demo,FAQ,2026-07-05,5608.01,5984.4,5825.4,110.8
Maharashtra,Nashik,Nashik,Cotton,Demo,FAQ,2026-07-12,5859.28,6274.21,6035.11,81.3
Maharashtra,Pune,Pune,Cotton,Demo,FAQ,2026-07-12,6005.33,6405.48,6181.45,98.5
Maharashtra,Nagpur,Nagpur,Cotton,Demo,FAQ,2026-07-12,5438.73,5807.96,5584.46,82.0
Maharashtra,Nashik,Nashik,Cotton,Demo,FAQ,2026-07-19,5868.22,6180.23,6048.2,75.0
Maharashtra,Pune,Pune,Cotton,Demo,FAQ,2026-07-19,6235.54,6578.69,6345.46,97.1
Maharashtra,Nagpur,Nagpur,Cotton,Demo,FAQ,2026-07-19,5706.6,5942.56,5819.94,80.5
Maharashtra,Nashik,Nashik,Cotton,Demo,FAQ,2026-07-26,5727.86,5994.32,5849.08,95.6
Maharashtra,Pune,Pune,Cotton,Demo,FAQ,2026-07-26,6170.76,6453.0,6284.49,88.3
Maharashtra,Nagpur,Nagpur,Cotton,Demo,FAQ,2026-07-26,5754.89,6081.29,5915.9,94.0
Maharashtra,Nashik,Nashik,Cotton,Demo,FAQ,2026-08-02,5681.88,6145.17,5916.38,97.1
Maharashtra,Pune,Pune,Cotton,Demo,FAQ,2026-08-02,6201.76,6540.74,6353.41,108.7
Maharashtra,Nagpur,Nagpur,Cotton,Demo,FAQ,2026-08-02,5860.55,6157.4,6028.3,120.2
Maharashtra,Nashik,Nashik,Cotton,Demo,FAQ,2026-08-09,5646.55,5982.55,5789.91,142.6
Maharashtra,Pune,Pune,Cotton,Demo,FAQ,2026-08-09,6103.65,6438.35,6258.28,83.2
Maharashtra,Nagpur,Nagpur,Cotton,Demo,FAQ,2026-08-09,5767.83,6114.3,5926.99,121.4
Maharashtra,Nashik,Nashik,Cotton,Demo,FAQ,2026-08-16,6125.0,6519.03,6328.61,114.3
Maharashtra,Pune,Pune,Cotton,Demo,FAQ,2026-08-16,6336.27,6597.99,6484.64,101.1
Maharashtra,Nagpur,Nagpur,Cotton,Demo,FAQ,2026-08-16,5624.3,5846.8,5738.13,101.1
Maharashtra,Nashik,Nashik,Cotton,Demo,FAQ,2026-08-23,6003.03,6386.13,6228.24,85.8
Maharashtra,Pune,Pune,Cotton,Demo,FAQ,2026-08-23,6411.89,6660.22,6529.23,130.5
Maharashtra,Nagpur,Nagpur,Cotton,Demo,FAQ,2026-08-23,6013.09,6366.24,6219.36,144.2
Maharashtra,Nashik,Nashik,Cotton,Demo,FAQ,2026-08-30,5923.79,6192.19,6063.86,92.1
Maharashtra,Pune,Pune,Cotton,Demo,FAQ,2026-08-30,6292.67,6617.96,6407.06,150.0
Maharashtra,Nagpur,Nagpur,Cotton,Demo,FAQ,2026-08-30,6409.26,6732.32,6523.32,120.5
Maharashtra,Nashik,Nashik,Tur,Demo,FAQ,2025-08-31,7056.73,7434.51,7204.65,160.4
Maharashtra,Pune,Pune,Tur,Demo,FAQ,2025-08-31,7493.55,7942.01,7767.52,148.0
Maharashtra,Nagpur,Nagpur,Tur,Demo,FAQ,2025-08-31,6633.54,6983.68,6830.31,124.1
Maharashtra,Nashik,Nashik,Tur,Demo,FAQ,2025-09-07,6785.65,7078.96,6945.92,164.8
Maharashtra,Pune,Pune,Tur,Demo,FAQ,2025-09-07,7338.66,7734.76,7508.17,109.2
Maharashtra,Nagpur,Nagpur,Tur,Demo,FAQ,2025-09-07,6703.22,7175.69,6948.73,127.1
Maharashtra,Nashik,Nashik,Tur,Demo,FAQ,2025-09-14,6939.49,7351.7,7130.46,156.7
Maharashtra,Pune,Pune,Tur,Demo,FAQ,2025-09-14,7534.66,7896.48,7759.38,106.2
Maharashtra,Nagpur,Nagpur,Tur,Demo,FAQ,2025-09-14,6976.84,7307.86,7107.29,174.3
Maharashtra,Nashik,Nashik,Tur,Demo,FAQ,2025-09-21,6883.75,7275.25,7093.76,174.2
Maharashtra,Pune,Pune,Tur,Demo,FAQ,2025-09-21,7103.71,7526.15,7352.98,120.7
Maharashtra,Nagpur,Nagpur,Tur,Demo,FAQ,2025-09-21,7122.45,7495.38,7291.54,109.0
Maharashtra,Nashik,Nashik,Tur,Demo,FAQ,2025-09-28,6731.7,7165.79,6934.17,121.4
Maharashtra,Pune,Pune,Tur,Demo,FAQ,2025-09-28,7166.35,7569.95,7321.32,104.9
Maharashtra,Nagpur,Nagpur,Tur,Demo,FAQ,2025-09-28,7092.32,7475.18,7330.86,183.2
Maharashtra,Nashik,Nashik,Tur,Demo,FAQ,2025-10-05,6900.49,7291.37,7151.06,118.2
Maharashtra,Pune,Pune,Tur,Demo,FAQ,2025-10-05,7153.51,7516.31,7369.65,184.0
Maharashtra,Nagpur,Nagpur,Tur,Demo,FAQ,2025-10-05,7349.5,7667.9,7521.59,114.7
Maharashtra,Nashik,Nashik,Tur,Demo,FAQ,2025-10-12,7192.16,7544.1,7337.0,193.2
Maharashtra,Pune,Pune,Tur,Demo,FAQ,2025-10-12,7395.3,7847.96,7652.23,122.2
Maharashtra,Nagpur,Nagpur,Tur,Demo,FAQ,2025-10-12,6969.16,7357.6,7192.29,164.1
Maharashtra,Nashik,Nashik,Tur,Demo,FAQ,2025-10-19,7072.01,7450.76,7235.29,161.4
Maharashtra,Pune,Pune,Tur,Demo,FAQ,2025-10-19,7312.0,7682.06,7531.51,111.6
Maharashtra,Nagpur,Nagpur,Tur,Demo,FAQ,2025-10-19,7271.0,7679.96,7483.73,198.2
Maharashtra,Nashik,Nashik,Tur,Demo,FAQ,2025-10-26,6864.24,7309.77,7079.42,202.3
Maharashtra,Pune,Pune,Tur,Demo,FAQ,2025-10-26,7510.23,7956.58,7704.65,124.1
Maharashtra,Nagpur,Nagpur,Tur,Demo,FAQ,2025-10-26,6869.2,7256.84,7064.26,125.3
Maharashtra,Nashik,Nashik,Tur,Demo,FAQ,2025-11-02,7505.75,7983.34,7727.42,130.1
Maharashtra,Pune,Pune,Tur,Demo,FAQ,2025-11-02,7359.73,7751.5,7597.59,182.3
Maharashtra,Nagpur,Nagpur,Tur,Demo,FAQ,2025-11-02,7020.01,7529.98,7254.05,158.0
Maharashtra,Nashik,Nashik,Tur,Demo,FAQ,2025-11-09,7156.77,7475.22,7286.36,185.4
Maharashtra,Pune,Pune,Tur,Demo,FAQ,2025-11-09,7928.05,8299.75,8087.02,172.0
Maharashtra,Nagpur,Nagpur,Tur,Demo,FAQ,2025-11-09,7171.06,7628.29,7403.87,191.5
Maharashtra,Nashik,Nashik,Tur,Demo,FAQ,2025-11-16,7416.16,7818.94,7588.35,180.2
Maharashtra,Pune,Pune,Tur,Demo,FAQ,2025-11-16,7265.52,7672.96,7449.63,133.9
Maharashtra,Nagpur,Nagpur,Tur,Demo,FAQ,2025-11-16,7180.05,7541.84,7336.44,126.6
Maharashtra,Nashik,Nashik,Tur,Demo,FAQ,2025-11-23,7314.33,7772.63,7570.39,114.8
Maharashtra,Pune,Pune,Tur,Demo,FAQ,2025-11-23,7475.63,7946.43,7690.64,171.6
Maharashtra,Nagpur,Nagpur,Tur,Demo,FAQ,2025-11-23,6927.48,7335.16,7128.79,137.8
Maharashtra,Nashik,Nashik,Tur,Demo,FAQ,2025-11-30,7079.89,7454.72,7210.24,171.9
Maharashtra,Pune,Pune,Tur,Demo,FAQ,2025-11-30,7376.37,7849.22,7653.14,174.2
Maharashtra,Nagpur,Nagpur,Tur,Demo,FAQ,2025-11-30,6844.54,7279.34,7032.32,148.0
Maharashtra,Nashik,Nashik,Tur,Demo,FAQ,2025-12-07,7444.85,7857.09,7621.86,160.6
Maharashtra,Pune,Pune,Tur,Demo,FAQ,2025-12-07,7597.81,8046.55,7876.6,144.2
Maharashtra,Nagpur,Nagpur,Tur,Demo,FAQ,2025-12-07,7151.11,7509.42,7296.32,134.8
Maharashtra,Nashik,Nashik,Tur,Demo,FAQ,2025-12-14,7509.33,7988.17,7737.89,160.4
Maharashtra,Pune,Pune,Tur,Demo,FAQ,2025-12-14,7398.34,7797.12,7644.41,114.6
Maharashtra,Nagpur,Nagpur,Tur,Demo,FAQ,2025-12-14,7357.37,7722.36,7497.16,181.0
Maharashtra,Nashik,Nashik,Tur,Demo,FAQ,2025-12-21,7587.17,8030.64,7762.43,116.0
Maharashtra,Pune,Pune,Tur,Demo,FAQ,2025-12-21,7315.66,7745.38,7511.08,120.4
Maharashtra,Nagpur,Nagpur,Tur,Demo,FAQ,2025-12-21,7215.16,7491.91,7346.49,186.2
Maharashtra,Nashik,Nashik,Tur,Demo,FAQ,2025-12-28,7619.44,8054.54,7792.59,121.0
Maharashtra,Pune,Pune,Tur,Demo,FAQ,2025-12-28,7811.19,8101.0,7954.72,119.9
Maharashtra,Nagpur,Nagpur,Tur,Demo,FAQ,2025-12-28,6961.81,7315.26,7112.62,128.6
Maharashtra,Nashik,Nashik,Tur,Demo,FAQ,2026-01-04,7319.12,7734.14,7504.34,108.3
Maharashtra,Pune,Pune,Tur,Demo,FAQ,2026-01-04,7456.68,7881.38,7729.73,113.4
Maharashtra,Nagpur,Nagpur,Tur,Demo,FAQ,2026-01-04,7301.69,7824.29,7558.84,146.1
Maharashtra,Nashik,Nashik,Tur,Demo,FAQ,2026-01-11,6784.94,7218.71,7056.95,112.3
Maharashtra,Pune,Pune,Tur,Demo,FAQ,2026-01-11,7140.66,7642.01,7381.46,134.6
Maharashtra,Nagpur,Nagpur,Tur,Demo,FAQ,2026-01-11,6977.91,7286.02,7133.22,126.1
Maharashtra,Nashik,Nashik,Tur,Demo,FAQ,2026-01-18,7409.36,7822.0,7679.29,155.6
Maharashtra,Pune,Pune,Tur,Demo,FAQ,2026-01-18,7434.88,7739.44,7574.45,123.8
Maharashtra,Nagpur,Nagpur,Tur,Demo,FAQ,2026-01-18,6876.87,7216.8,7028.69,137.0
Maharashtra,Nashik,Nashik,Tur,Demo,FAQ,2026-01-25,6550.92,7040.7,6801.76,173.8
Maharashtra,Pune,Pune,Tur,Demo,FAQ,2026-01-25,7111.07,7525.48,7258.77,109.5
Maharashtra,Nagpur,Nagpur,Tur,Demo,FAQ,2026-01-25,6843.87,7152.71,6975.64,170.4
Maharashtra,Nashik,Nashik,Tur,Demo,FAQ,2026-02-01,7197.72,7649.37,7468.58,134.3
Maharashtra,Pune,Pune,Tur,Demo,FAQ,2026-02-01,7597.23,7994.81,7783.71,105.4
Maharashtra,Nagpur,Nagpur,Tur,Demo,FAQ,2026-02-01,7091.41,7558.88,7294.3,111.2
Maharashtra,Nashik,Nashik,Tur,Demo,FAQ,2026-02-08,7045.08,7456.48,7263.67,196.2
Maharashtra,Pune,Pune,Tur,Demo,FAQ,2026-02-08,7389.92,7820.23,7646.27,180.9
Maharashtra,Nagpur,Nagpur,Tur,Demo,FAQ,2026-02-08,7090.15,7512.06,7290.07,125.3
Maharashtra,Nashik,Nashik,Tur,Demo,FAQ,2026-02-15,7119.2,7511.14,7264.59,186.1
Maharashtra,Pune,Pune,Tur,Demo,FAQ,2026-02-15,7202.11,7690.09,7463.27,186.1
Maharashtra,Nagpur,Nagpur,Tur,Demo,FAQ,2026-02-15,6551.15,6955.53,6804.19,192.1
Maharashtra,Nashik,Nashik,Tur,Demo,FAQ,2026-02-22,6871.43,7273.06,7123.02,133.5
Maharashtra,Pune,Pune,Tur,Demo,FAQ,2026-02-22,7102.98,7611.99,7360.41,125.0
Maharashtra,Nagpur,Nagpur,Tur,Demo,FAQ,2026-02-22,6718.37,7107.71,6969.34,126.2
Maharashtra,Nashik,Nashik,Tur,Demo,FAQ,2026-03-01,6713.55,7077.24,6912.91,132.9
Maharashtra,Pune,Pune,Tur,Demo,FAQ,2026-03-01,6932.08,7425.69,7173.57,203.6
Maharashtra,Nagpur,Nagpur,Tur,Demo,FAQ,2026-03-01,6646.2,6995.89,6829.94,182.9
Maharashtra,Nashik,Nashik,Tur,Demo,FAQ,2026-03-08,6681.93,7043.84,6823.8,123.1
Maharashtra,Pune,Pune,Tur,Demo,FAQ,2026-03-08,6834.15,7331.19,7090.27,118.2
Maharashtra,Nagpur,Nagpur,Tur,Demo,FAQ,2026-03-08,6959.61,7443.64,7165.15,186.5
Maharashtra,Nashik,Nashik,Tur,Demo,FAQ,2026-03-15,7035.85,7377.41,7220.15,151.4
Maharashtra,Pune,Pune,Tur,Demo,FAQ,2026-03-15,6942.5,7347.51,7183.61,159.9
Maharashtra,Nagpur,Nagpur,Tur,Demo,FAQ,2026-03-15,6456.01,6940.37,6723.78,145.4
Maharashtra,Nashik,Nashik,Tur,Demo,FAQ,2026-03-22,6666.89,7161.25,6943.13,122.2
Maharashtra,Pune,Pune,Tur,Demo,FAQ,2026-03-22,7270.31,7640.38,7451.66,164.1
Maharashtra,Nagpur,Nagpur,Tur,Demo,FAQ,2026-03-22,6368.18,6869.2,6615.35,134.1
Maharashtra,Nashik,Nashik,Tur,Demo,FAQ,2026-03-29,6796.13,7196.18,6927.12,156.7
Maharashtra,Pune,Pune,Tur,Demo,FAQ,2026-03-29,6797.42,7072.91,6939.63,177.9
Maharashtra,Nagpur,Nagpur,Tur,Demo,FAQ,2026-03-29,7000.09,7355.14,7148.23,187.3
Maharashtra,Nashik,Nashik,Tur,Demo,FAQ,2026-04-05,6837.73,7268.88,6993.63,172.9
Maharashtra,Pune,Pune,Tur,Demo,FAQ,2026-04-05,7048.32,7521.36,7252.26,168.3
Maharashtra,Nagpur,Nagpur,Tur,Demo,FAQ,2026-04-05,6329.8,6622.05,6490.44,172.9
Maharashtra,Nashik,Nashik,Tur,Demo,FAQ,2026-04-12,6441.04,6828.49,6639.13,162.8
Maharashtra,Pune,Pune,Tur,Demo,FAQ,2026-04-12,6954.79,7330.03,7170.7,181.9
Maharashtra,Nagpur,Nagpur,Tur,Demo,FAQ,2026-04-12,6557.46,6965.45,6689.34,121.3
Maharashtra,Nashik,Nashik,Tur,Demo,FAQ,2026-04-19,6665.95,7050.86,6899.72,174.2
Maharashtra,Pune,Pune,Tur,Demo,FAQ,2026-04-19,7036.01,7381.01,7234.16,112.2
Maharashtra,Nagpur,Nagpur,Tur,Demo,FAQ,2026-04-19,6544.8,6860.32,6716.58,103.5
Maharashtra,Nashik,Nashik,Tur,Demo,FAQ,2026-04-26,6212.12,6599.87,6412.74,108.4
Maharashtra,Pune,Pune,Tur,Demo,FAQ,2026-04-26,6890.25,7353.51,7099.84,174.7
Maharashtra,Nagpur,Nagpur,Tur,Demo,FAQ,2026-04-26,6869.51,7275.33,7028.41,157.9
Maharashtra,Nashik,Nashik,Tur,Demo,FAQ,2026-05-03,6530.03,6940.5,6783.47,151.2
Maharashtra,Pune,Pune,Tur,Demo,FAQ,2026-05-03,6811.32,7301.93,7023.86,143.1
Maharashtra,Nagpur,Nagpur,Tur,Demo,FAQ,2026-05-03,6538.94,6899.61,6695.18,130.9
Maharashtra,Nashik,Nashik,Tur,Demo,FAQ,2026-05-10,6697.78,6976.33,6827.22,115.2
Maharashtra,Pune,Pune,Tur,Demo,FAQ,2026-05-10,6762.77,7164.81,7008.12,112.3
Maharashtra,Nagpur,Nagpur,Tur,Demo,FAQ,2026-05-10,6391.84,6903.25,6647.75,115.2
Maharashtra,Nashik,Nashik,Tur,Demo,FAQ,2026-05-17,6810.86,7226.33,7087.78,106.0
Maharashtra,Pune,Pune,Tur,Demo,FAQ,2026-05-17,6767.75,7195.49,7027.47,117.3
Maharashtra,Nagpur,Nagpur,Tur,Demo,FAQ,2026-05-17,6285.02,6744.25,6468.35,101.4
Maharashtra,Nashik,Nashik,Tur,Demo,FAQ,2026-05-24,6437.51,6816.02,6660.77,117.3
Maharashtra,Pune,Pune,Tur,Demo,FAQ,2026-05-24,6697.3,7125.3,6947.12,83.0
Maharashtra,Nagpur,Nagpur,Tur,Demo,FAQ,2026-05-24,6563.48,6984.05,6709.33,121.0
Maharashtra,Nashik,Nashik,Tur,Demo,FAQ,2026-05-31,6457.66,6839.55,6627.38,88.7
Maharashtra,Pune,Pune,Tur,Demo,FAQ,2026-05-31,6969.54,7399.84,7179.46,100.0
Maharashtra,Nagpur,Nagpur,Tur,Demo,FAQ,2026-05-31,6788.63,7154.23,7009.29,139.2
Maharashtra,Nashik,Nashik,Tur,Demo,FAQ,2026-06-07,6272.03,6613.35,6401.02,112.7
Maharashtra,Pune,Pune,Tur,Demo,FAQ,2026-06-07,6680.61,7100.41,6950.48,111.8
Maharashtra,Nagpur,Nagpur,Tur,Demo,FAQ,2026-06-07,6408.57,6806.58,6583.13,87.5
Maharashtra,Nashik,Nashik,Tur,Demo,FAQ,2026-06-14,6411.31,6730.29,6586.57,82.5
Maharashtra,Pune,Pune,Tur,Demo,FAQ,2026-06-14,6894.26,7343.26,7150.09,93.9
Maharashtra,Nagpur,Nagpur,Tur,Demo,FAQ,2026-06-14,5978.38,6429.94,6220.09,89.9
Maharashtra,Nashik,Nashik,Tur,Demo,FAQ,2026-06-21,6170.84,6613.28,6394.66,80.6
Maharashtra,Pune,Pune,Tur,Demo,FAQ,2026-06-21,6788.13,7272.09,7037.78,98.2
Maharashtra,Nagpur,Nagpur,Tur,Demo,FAQ,2026-06-21,6606.07,7021.22,6803.69,81.4
Maharashtra,Nashik,Nashik,Tur,Demo,FAQ,2026-06-28,6765.63,7119.57,6923.65,96.7
Maharashtra,Pune,Pune,Tur,Demo,FAQ,2026-06-28,6621.58,7016.74,6859.37,121.1
Maharashtra,Nagpur,Nagpur,Tur,Demo,FAQ,2026-06-28,6748.19,7186.82,6930.81,128.1
Maharashtra,Nashik,Nashik,Tur,Demo,FAQ,2026-07-05,6337.41,6703.21,6562.37,99.9
Maharashtra,Pune,Pune,Tur,Demo,FAQ,2026-07-05,6922.1,7279.36,7084.58,82.7
Maharashtra,Nagpur,Nagpur,Tur,Demo,FAQ,2026-07-05,6438.82,6870.98,6688.42,130.3
Maharashtra,Nashik,Nashik,Tur,Demo,FAQ,2026-07-12,6727.33,7203.72,6929.2,118.8
Maharashtra,Pune,Pune,Tur,Demo,FAQ,2026-07-12,6895.0,7354.44,7097.22,85.2
Maharashtra,Nagpur,Nagpur,Tur,Demo,FAQ,2026-07-12,6244.47,6668.39,6411.79,96.9
Maharashtra,Nashik,Nashik,Tur,Demo,FAQ,2026-07-19,6737.59,7095.82,6944.23,100.2
Maharashtra,Pune,Pune,Tur,Demo,FAQ,2026-07-19,7159.33,7553.31,7285.53,75.0
Maharashtra,Nagpur,Nagpur,Tur,Demo,FAQ,2026-07-19,6552.02,6822.94,6682.16,86.0
Maharashtra,Nashik,Nashik,Tur,Demo,FAQ,2026-07-26,6576.43,6882.37,6715.61,75.5
Maharashtra,Pune,Pune,Tur,Demo,FAQ,2026-07-26,7084.94,7409.0,7215.53,88.3
Maharashtra,Nagpur,Nagpur,Tur,Demo,FAQ,2026-07-26,6607.46,6982.22,6792.33,77.9
Maharashtra,Nashik,Nashik,Tur,Demo,FAQ,2026-08-02,6523.64,7055.57,6792.88,76.6
Maharashtra,Pune,Pune,Tur,Demo,FAQ,2026-08-02,7120.54,7509.73,7294.66,94.7
Maharashtra,Nagpur,Nagpur,Tur,Demo,FAQ,2026-08-02,6728.78,7069.61,6921.39,74.9
Maharashtra,Nashik,Nashik,Tur,Demo,FAQ,2026-08-09,6483.08,6868.86,6647.67,135.8
Maharashtra,Pune,Pune,Tur,Demo,FAQ,2026-08-09,7007.89,7392.18,7185.43,124.8
Maharashtra,Nagpur,Nagpur,Tur,Demo,FAQ,2026-08-09,6622.33,7020.12,6805.06,94.2
Maharashtra,Nashik,Nashik,Tur,Demo,FAQ,2026-08-16,7032.41,7484.81,7266.18,109.9
Maharashtra,Pune,Pune,Tur,Demo,FAQ,2026-08-16,7274.97,7575.47,7445.33,89.6
Maharashtra,Nagpur,Nagpur,Tur,Demo,FAQ,2026-08-16,6457.53,6712.99,6588.23,145.0
Maharashtra,Nashik,Nashik,Tur,Demo,FAQ,2026-08-23,6892.37,7332.23,7150.94,98.6
Maharashtra,Pune,Pune,Tur,Demo,FAQ,2026-08-23,7361.8,7646.92,7496.53,122.3
Maharashtra,Nagpur,Nagpur,Tur,Demo,FAQ,2026-08-23,6903.92,7309.38,7140.74,120.5
Maharashtra,Nashik,Nashik,Tur,Demo,FAQ,2026-08-30,6801.38,7109.56,6962.21,144.3
Maharashtra,Pune,Pune,Tur,Demo,FAQ,2026-08-30,7224.92,7598.39,7356.25,107.3
Maharashtra,Nagpur,Nagpur,Tur,Demo,FAQ,2026-08-30,7358.78,7729.7,7489.74,132.9
Maharashtra,Nashik,Nashik,Bajra,Demo,FAQ,2025-08-31,2167.49,2370.12,2279.75,151.8
Maharashtra,Pune,Pune,Bajra,Demo,FAQ,2025-08-31,2383.62,2636.16,2492.49,99.3
Maharashtra,Nagpur,Nagpur,Bajra,Demo,FAQ,2025-08-31,1982.22,2223.75,2080.11,104.0
Maharashtra,Nashik,Nashik,Bajra,Demo,FAQ,2025-09-07,2143.5,2370.63,2285.54,99.3
Maharashtra,Pune,Pune,Bajra,Demo,FAQ,2025-09-07,2333.54,2545.83,2411.86,95.3
Maharashtra,Nagpur,Nagpur,Bajra,Demo,FAQ,2025-09-07,2197.03,2396.12,2281.63,165.8
Maharashtra,Nashik,Nashik,Bajra,Demo,FAQ,2025-09-14,2349.25,2511.86,2432.36,141.3
Maharashtra,Pune,Pune,Bajra,Demo,FAQ,2025-09-14,2265.23,2502.46,2350.65,109.3
Maharashtra,Nagpur,Nagpur,Bajra,Demo,FAQ,2025-09-14,2114.09,2337.41,2215.01,158.8
Maharashtra,Nashik,Nashik,Bajra,Demo,FAQ,2025-09-21,2212.27,2449.92,2365.04,166.7
Maharashtra,Pune,Pune,Bajra,Demo,FAQ,2025-09-21,2344.6,2611.02,2453.29,113.3
Maharashtra,Nagpur,Nagpur,Bajra,Demo,FAQ,2025-09-21,2163.29,2448.35,2299.56,118.6
Maharashtra,Nashik,Nashik,Bajra,Demo,FAQ,2025-09-28,2245.31,2455.59,2342.19,138.0
Maharashtra,Pune,Pune,Bajra,Demo,FAQ,2025-09-28,2427.65,2677.75,2582.15,175.5
Maharashtra,Nagpur,Nagpur,Bajra,Demo,FAQ,2025-09-28,2159.24,2351.09,2231.83,139.1
Maharashtra,Nashik,Nashik,Bajra,Demo,FAQ,2025-10-05,2412.9,2593.32,2497.86,182.9
Maharashtra,Pune,Pune,Bajra,Demo,FAQ,2025-10-05,2453.08,2605.91,2533.64,127.2
Maharashtra,Nagpur,Nagpur,Bajra,Demo,FAQ,2025-10-05,2213.88,2374.74,2299.64,171.5
Maharashtra,Nashik,Nashik,Bajra,Demo,FAQ,2025-10-12,2284.65,2504.19,2397.1,135.0
Maharashtra,Pune,Pune,Bajra,Demo,FAQ,2025-10-12,2648.04,2853.43,2750.78,151.3
Maharashtra,Nagpur,Nagpur,Bajra,Demo,FAQ,2025-10-12,2209.89,2444.43,2313.69,152.5
Maharashtra,Nashik,Nashik,Bajra,Demo,FAQ,2025-10-19,2349.34,2627.7,2486.97,109.2
Maharashtra,Pune,Pune,Bajra,Demo,FAQ,2025-10-19,2634.33,2909.85,2757.5,199.4
Maharashtra,Nagpur,Nagpur,Bajra,Demo,FAQ,2025-10-19,2348.52,2507.35,2429.23,168.6
Maharashtra,Nashik,Nashik,Bajra,Demo,FAQ,2025-10-26,2366.06,2656.44,2517.28,190.3
Maharashtra,Pune,Pune,Bajra,Demo,FAQ,2025-10-26,2295.53,2601.44,2453.67,165.0
Maharashtra,Nagpur,Nagpur,Bajra,Demo,FAQ,2025-10-26,2188.99,2412.8,2333.04,167.4
Maharashtra,Nashik,Nashik,Bajra,Demo,FAQ,2025-11-02,2263.08,2462.91,2338.27,134.9
Maharashtra,Pune,Pune,Bajra,Demo,FAQ,2025-11-02,2518.16,2799.21,2666.36,165.3
Maharashtra,Nagpur,Nagpur,Bajra,Demo,FAQ,2025-11-02,2415.79,2580.81,2494.26,154.4
Maharashtra,Nashik,Nashik,Bajra,Demo,FAQ,2025-11-09,2416.11,2654.04,2514.34,163.5
Maharashtra,Pune,Pune,Bajra,Demo,FAQ,2025-11-09,2630.74,2864.6,2739.11,154.9
Maharashtra,Nagpur,Nagpur,Bajra,Demo,FAQ,2025-11-09,2565.56,2816.32,2681.08,206.2
Maharashtra,Nashik,Nashik,Bajra,Demo,FAQ,2025-11-16,2487.87,2716.87,2572.87,160.7
Maharashtra,Pune,Pune,Bajra,Demo,FAQ,2025-11-16,2686.99,2950.55,2806.32,109.6
Maharashtra,Nagpur,Nagpur,Bajra,Demo,FAQ,2025-11-16,2472.5,2665.2,2555.36,175.3
Maharashtra,Nashik,Nashik,Bajra,Demo,FAQ,2025-11-23,2307.4,2563.99,2412.87,166.8
Maharashtra,Pune,Pune,Bajra,Demo,FAQ,2025-11-23,2558.11,2744.35,2644.13,184.9
Maharashtra,Nagpur,Nagpur,Bajra,Demo,FAQ,2025-11-23,2424.22,2648.83,2496.81,153.5
Maharashtra,Nashik,Nashik,Bajra,Demo,FAQ,2025-11-30,2523.29,2783.55,2642.56,149.2
Maharashtra,Pune,Pune,Bajra,Demo,FAQ,2025-11-30,2554.34,2770.78,2697.12,171.9
Maharashtra,Nagpur,Nagpur,Bajra,Demo,FAQ,2025-11-30,2167.3,2322.0,2241.98,148.0
Maharashtra,Nashik,Nashik,Bajra,Demo,FAQ,2025-12-07,2218.36,2474.23,2323.29,185.2
Maharashtra,Pune,Pune,Bajra,Demo,FAQ,2025-12-07,2750.95,2935.73,2833.18,165.3
Maharashtra,Nagpur,Nagpur,Bajra,Demo,FAQ,2025-12-07,2213.31,2373.45,2301.49,187.6
Maharashtra,Nashik,Nashik,Bajra,Demo,FAQ,2025-12-14,2340.57,2564.59,2456.09,110.0
Maharashtra,Pune,Pune,Bajra,Demo,FAQ,2025-12-14,2578.62,2812.95,2733.48,118.0
Maharashtra,Nagpur,Nagpur,Bajra,Demo,FAQ,2025-12-14,2238.27,2406.49,2330.32,190.2
Maharashtra,Nashik,Nashik,Bajra,Demo,FAQ,2025-12-21,2450.91,2609.1,2522.13,146.1
Maharashtra,Pune,Pune,Bajra,Demo,FAQ,2025-12-21,2629.84,2834.96,2709.98,160.6
Maharashtra,Nagpur,Nagpur,Bajra,Demo,FAQ,2025-12-21,2390.05,2632.88,2510.54,168.4
Maharashtra,Nashik,Nashik,Bajra,Demo,FAQ,2025-12-28,2273.29,2415.9,2344.04,118.9
Maharashtra,Pune,Pune,Bajra,Demo,FAQ,2025-12-28,2681.58,2884.99,2803.42,130.7
Maharashtra,Nagpur,Nagpur,Bajra,Demo,FAQ,2025-12-28,2272.0,2537.46,2419.88,145.9
Maharashtra,Nashik,Nashik,Bajra,Demo,FAQ,2026-01-04,2233.18,2479.87,2344.92,150.2
Maharashtra,Pune,Pune,Bajra,Demo,FAQ,2026-01-04,2498.95,2718.61,2602.71,153.3
Maharashtra,Nagpur,Nagpur,Bajra,Demo,FAQ,2026-01-04,2373.11,2647.15,2507.86,166.6
Maharashtra,Nashik,Nashik,Bajra,Demo,FAQ,2026-01-11,2296.47,2501.33,2408.09,169.6
Maharashtra,Pune,Pune,Bajra,Demo,FAQ,2026-01-11,2499.75,2767.34,2612.52,133.5
Maharashtra,Nagpur,Nagpur,Bajra,Demo,FAQ,2026-01-11,2255.72,2449.86,2369.73,135.6
Maharashtra,Nashik,Nashik,Bajra,Demo,FAQ,2026-01-18,2398.82,2623.7,2490.8,117.2
Maharashtra,Pune,Pune,Bajra,Demo,FAQ,2026-01-18,2539.0,2786.63,2686.37,117.2
Maharashtra,Nagpur,Nagpur,Bajra,Demo,FAQ,2026-01-18,2307.78,2491.98,2400.04,172.0
Maharashtra,Nashik,Nashik,Bajra,Demo,FAQ,2026-01-25,2234.8,2496.47,2359.99,149.0
Maharashtra,Pune,Pune,Bajra,Demo,FAQ,2026-01-25,2497.15,2737.89,2586.2,141.1
Maharashtra,Nagpur,Nagpur,Bajra,Demo,FAQ,2026-01-25,2090.62,2287.87,2217.27,101.6
Maharashtra,Nashik,Nashik,Bajra,Demo,FAQ,2026-02-01,2347.95,2575.81,2475.29,176.0
Maharashtra,Pune,Pune,Bajra,Demo,FAQ,2026-02-01,2367.4,2558.0,2476.53,152.8
Maharashtra,Nagpur,Nagpur,Bajra,Demo,FAQ,2026-02-01,2207.08,2464.31,2336.22,182.9
Maharashtra,Nashik,Nashik,Bajra,Demo,FAQ,2026-02-08,2191.64,2434.25,2283.53,188.0
Maharashtra,Pune,Pune,Bajra,Demo,FAQ,2026-02-08,2408.72,2709.81,2553.33,151.3
Maharashtra,Nagpur,Nagpur,Bajra,Demo,FAQ,2026-02-08,2007.22,2282.41,2144.9,186.8
Maharashtra,Nashik,Nashik,Bajra,Demo,FAQ,2026-02-15,2190.45,2423.92,2309.45,181.3
Maharashtra,Pune,Pune,Bajra,Demo,FAQ,2026-02-15,2426.78,2712.31,2554.61,175.3
Maharashtra,Nagpur,Nagpur,Bajra,Demo,FAQ,2026-02-15,2301.38,2514.62,2380.16,158.5
Maharashtra,Nashik,Nashik,Bajra,Demo,FAQ,2026-02-22,2159.82,2388.21,2295.15,201.4
Maharashtra,Pune,Pune,Bajra,Demo,FAQ,2026-02-22,2333.72,2584.92,2448.49,155.3
Maharashtra,Nagpur,Nagpur,Bajra,Demo,FAQ,2026-02-22,2303.29,2495.76,2406.07,202.6
Maharashtra,Nashik,Nashik,Bajra,Demo,FAQ,2026-03-01,2232.09,2450.23,2330.19,130.5
Maharashtra,Pune,Pune,Bajra,Demo,FAQ,2026-03-01,2257.38,2404.1,2333.6,204.9
Maharashtra,Nagpur,Nagpur,Bajra,Demo,FAQ,2026-03-01,1903.64,2180.03,2052.76,123.2
Maharashtra,Nashik,Nashik,Bajra,Demo,FAQ,2026-03-08,2058.83,2263.45,2164.54,131.6
Maharashtra,Pune,Pune,Bajra,Demo,FAQ,2026-03-08,2209.62,2472.12,2330.79,120.7
Maharashtra,Nagpur,Nagpur,Bajra,Demo,FAQ,2026-03-08,1957.12,2227.92,2113.65,159.7
Maharashtra,Nashik,Nashik,Bajra,Demo,FAQ,2026-03-15,2221.3,2449.94,2296.33,176.9
Maharashtra,Pune,Pune,Bajra,Demo,FAQ,2026-03-15,2174.36,2447.41,2326.06,122.4
Maharashtra,Nagpur,Nagpur,Bajra,Demo,FAQ,2026-03-15,2074.33,2278.4,2148.12,203.5
Maharashtra,Nashik,Nashik,Bajra,Demo,FAQ,2026-03-22,2153.95,2398.42,2251.08,202.4
Maharashtra,Pune,Pune,Bajra,Demo,FAQ,2026-03-22,2202.79,2430.2,2318.99,188.0
Maharashtra,Nagpur,Nagpur,Bajra,Demo,FAQ,2026-03-22,2161.35,2375.34,2246.13,162.9
Maharashtra,Nashik,Nashik,Bajra,Demo,FAQ,2026-03-29,2010.46,2236.15,2130.8,186.1
Maharashtra,Pune,Pune,Bajra,Demo,FAQ,2026-03-29,2200.49,2432.1,2276.45,162.5
Maharashtra,Nagpur,Nagpur,Bajra,Demo,FAQ,2026-03-29,2100.3,2282.94,2187.37,144.9
Maharashtra,Nashik,Nashik,Bajra,Demo,FAQ,2026-04-05,2064.25,2227.79,2140.22,137.2
Maharashtra,Pune,Pune,Bajra,Demo,FAQ,2026-04-05,2216.43,2484.8,2367.13,108.3
Maharashtra,Nagpur,Nagpur,Bajra,Demo,FAQ,2026-04-05,1984.67,2213.69,2072.84,178.7
Maharashtra,Nashik,Nashik,Bajra,Demo,FAQ,2026-04-12,2151.85,2413.41,2301.16,106.7
Maharashtra,Pune,Pune,Bajra,Demo,FAQ,2026-04-12,2095.9,2366.09,2238.65,181.9
Maharashtra,Nagpur,Nagpur,Bajra,Demo,FAQ,2026-04-12,1903.21,2137.83,2011.28,135.8
Maharashtra,Nashik,Nashik,Bajra,Demo,FAQ,2026-04-19,1924.23,2133.23,2056.67,120.9
Maharashtra,Pune,Pune,Bajra,Demo,FAQ,2026-04-19,1998.59,2274.05,2137.83,117.6
Maharashtra,Nagpur,Nagpur,Bajra,Demo,FAQ,2026-04-19,1999.76,2252.21,2109.6,114.3
Maharashtra,Nashik,Nashik,Bajra,Demo,FAQ,2026-04-26,1770.08,2075.23,1928.02,156.8
Maharashtra,Pune,Pune,Bajra,Demo,FAQ,2026-04-26,2112.59,2316.4,2210.65,101.1
Maharashtra,Nagpur,Nagpur,Bajra,Demo,FAQ,2026-04-26,1883.37,2160.14,2007.12,151.6
Maharashtra,Nashik,Nashik,Bajra,Demo,FAQ,2026-05-03,2072.5,2255.91,2150.73,117.7
Maharashtra,Pune,Pune,Bajra,Demo,FAQ,2026-05-03,1950.36,2140.48,2053.46,104.5
Maharashtra,Nagpur,Nagpur,Bajra,Demo,FAQ,2026-05-03,1794.13,2013.2,1900.62,153.2
Maharashtra,Nashik,Nashik,Bajra,Demo,FAQ,2026-05-10,2174.99,2396.57,2249.83,129.8
Maharashtra,Pune,Pune,Bajra,Demo,FAQ,2026-05-10,1960.2,2222.34,2085.06,147.4
Maharashtra,Nagpur,Nagpur,Bajra,Demo,FAQ,2026-05-10,1852.97,2145.08,1992.09,147.4
Maharashtra,Nashik,Nashik,Bajra,Demo,FAQ,2026-05-17,1991.48,2226.58,2088.41,153.9
Maharashtra,Pune,Pune,Bajra,Demo,FAQ,2026-05-17,1911.83,2163.93,2035.58,99.5
Maharashtra,Nagpur,Nagpur,Bajra,Demo,FAQ,2026-05-17,1836.91,1999.24,1909.47,134.2
Maharashtra,Nashik,Nashik,Bajra,Demo,FAQ,2026-05-24,1931.33,2182.48,2082.85,101.1
Maharashtra,Pune,Pune,Bajra,Demo,FAQ,2026-05-24,2176.47,2343.83,2265.51,93.0
Maharashtra,Nagpur,Nagpur,Bajra,Demo,FAQ,2026-05-24,1757.21,1991.4,1833.88,84.8
Maharashtra,Nashik,Nashik,Bajra,Demo,FAQ,2026-05-31,1814.01,2074.27,1943.8,86.1
Maharashtra,Pune,Pune,Bajra,Demo,FAQ,2026-05-31,1978.64,2194.76,2088.36,111.3
Maharashtra,Nagpur,Nagpur,Bajra,Demo,FAQ,2026-05-31,1761.55,1960.72,1851.52,80.9
Maharashtra,Nashik,Nashik,Bajra,Demo,FAQ,2026-06-07,1889.2,2117.15,2026.46,133.7
Maharashtra,Pune,Pune,Bajra,Demo,FAQ,2026-06-07,2137.67,2389.02,2252.09,136.2
Maharashtra,Nagpur,Nagpur,Bajra,Demo,FAQ,2026-06-07,1924.87,2173.27,2083.16,84.9
Maharashtra,Nashik,Nashik,Bajra,Demo,FAQ,2026-06-14,1935.74,2119.96,2033.98,81.7
Maharashtra,Pune,Pune,Bajra,Demo,FAQ,2026-06-14,2136.4,2307.12,2231.01,127.4
Maharashtra,Nagpur,Nagpur,Bajra,Demo,FAQ,2026-06-14,1915.17,2109.07,2036.76,128.2
Maharashtra,Nashik,Nashik,Bajra,Demo,FAQ,2026-06-21,1780.73,1944.96,1854.88,71.9
Maharashtra,Pune,Pune,Bajra,Demo,FAQ,2026-06-21,1943.95,2136.72,2050.77,128.5
Maharashtra,Nagpur,Nagpur,Bajra,Demo,FAQ,2026-06-21,1729.09,1969.08,1880.96,77.4
Maharashtra,Nashik,Nashik,Bajra,Demo,FAQ,2026-06-28,1897.14,2173.93,2021.98,113.2
Maharashtra,Pune,Pune,Bajra,Demo,FAQ,2026-06-28,2104.14,2392.8,2235.52,72.3
Maharashtra,Nagpur,Nagpur,Bajra,Demo,FAQ,2026-06-28,1887.23,2095.14,1965.41,104.6
Maharashtra,Nashik,Nashik,Bajra,Demo,FAQ,2026-07-05,1958.03,2152.98,2080.65,72.6
Maharashtra,Pune,Pune,Bajra,Demo,FAQ,2026-07-05,2159.48,2367.69,2260.23,117.8
Maharashtra,Nagpur,Nagpur,Bajra,Demo,FAQ,2026-07-05,1736.35,2028.96,1875.63,85.8
Maharashtra,Nashik,Nashik,Bajra,Demo,FAQ,2026-07-12,2028.25,2301.69,2145.36,70.3
Maharashtra,Pune,Pune,Bajra,Demo,FAQ,2026-07-12,2106.63,2276.69,2203.56,110.2
Maharashtra,Nagpur,Nagpur,Bajra,Demo,FAQ,2026-07-12,1959.66,2177.92,2047.68,117.2
Maharashtra,Nashik,Nashik,Bajra,Demo,FAQ,2026-07-19,1839.09,2006.88,1933.59,97.8
Maharashtra,Pune,Pune,Bajra,Demo,FAQ,2026-07-19,2126.48,2317.59,2213.86,116.8
Maharashtra,Nagpur,Nagpur,Bajra,Demo,FAQ,2026-07-19,1959.88,2159.37,2060.12,107.3
Maharashtra,Nashik,Nashik,Bajra,Demo,FAQ,2026-07-26,2075.75,2318.99,2169.95,120.5
Maharashtra,Pune,Pune,Bajra,Demo,FAQ,2026-07-26,2277.66,2491.53,2376.91,107.6
Maharashtra,Nagpur,Nagpur,Bajra,Demo,FAQ,2026-07-26,1896.83,2104.52,1989.88,134.9
Maharashtra,Nashik,Nashik,Bajra,Demo,FAQ,2026-08-02,1927.96,2196.81,2086.34,74.1
Maharashtra,Pune,Pune,Bajra,Demo,FAQ,2026-08-02,2342.57,2606.99,2455.42,112.0
Maharashtra,Nagpur,Nagpur,Bajra,Demo,FAQ,2026-08-02,2149.29,2381.93,2229.73,93.8
Maharashtra,Nashik,Nashik,Bajra,Demo,FAQ,2026-08-09,2208.0,2474.79,2324.33,103.5
Maharashtra,Pune,Pune,Bajra,Demo,FAQ,2026-08-09,2312.84,2496.57,2388.41,134.1
Maharashtra,Nagpur,Nagpur,Bajra,Demo,FAQ,2026-08-09,2048.43,2316.4,2205.66,95.9
Maharashtra,Nashik,Nashik,Bajra,Demo,FAQ,2026-08-16,2204.69,2495.56,2358.58,114.3
Maharashtra,Pune,Pune,Bajra,Demo,FAQ,2026-08-16,2325.61,2547.56,2438.79,102.8
Maharashtra,Nagpur,Nagpur,Bajra,Demo,FAQ,2026-08-16,1906.32,2130.96,2022.63,137.1
Maharashtra,Nashik,Nashik,Bajra,Demo,FAQ,2026-08-23,2308.33,2530.88,2384.57,88.5
Maharashtra,Pune,Pune,Bajra,Demo,FAQ,2026-08-23,2236.12,2386.84,2314.36,125.9
Maharashtra,Nagpur,Nagpur,Bajra,Demo,FAQ,2026-08-23,1976.27,2212.84,2121.79,92.2
Maharashtra,Nashik,Nashik,Bajra,Demo,FAQ,2026-08-30,2254.61,2514.05,2377.12,117.7
Maharashtra,Pune,Pune,Bajra,Demo,FAQ,2026-08-30,2131.66,2325.8,2203.02,156.6
Maharashtra,Nagpur,Nagpur,Bajra,Demo,FAQ,2026-08-30,2004.52,2184.66,2097.59,140.5
Maharashtra,Nashik,Nashik,Jowar,Demo,FAQ,2025-08-31,2216.75,2423.99,2331.57,126.0
Maharashtra,Pune,Pune,Jowar,Demo,FAQ,2025-08-31,2437.79,2696.08,2549.13,139.4
Maharashtra,Nagpur,Nagpur,Jowar,Demo,FAQ,2025-08-31,2027.27,2274.29,2127.38,91.6
Maharashtra,Nashik,Nashik,Jowar,Demo,FAQ,2025-09-07,2192.22,2424.51,2337.48,142.0
Maharashtra,Pune,Pune,Jowar,Demo,FAQ,2025-09-07,2386.58,2603.69,2466.68,106.2
Maharashtra,Nagpur,Nagpur,Jowar,Demo,FAQ,2025-09-07,2246.97,2450.57,2333.48,116.1
Maharashtra,Nashik,Nashik,Jowar,Demo,FAQ,2025-09-14,2402.64,2568.95,2487.65,115.5
Maharashtra,Pune,Pune,Jowar,Demo,FAQ,2025-09-14,2316.72,2559.33,2404.07,151.6
Maharashtra,Nagpur,Nagpur,Jowar,Demo,FAQ,2025-09-14,2162.13,2390.54,2265.35,141.3
Maharashtra,Nashik,Nashik,Jowar,Demo,FAQ,2025-09-21,2262.55,2505.6,2418.79,132.5
Maharashtra,Pune,Pune,Jowar,Demo,FAQ,2025-09-21,2397.89,2670.36,2509.05,133.6
Maharashtra,Nagpur,Nagpur,Jowar,Demo,FAQ,2025-09-21,2212.45,2504.0,2351.83,163.5
Maharashtra,Nashik,Nashik,Jowar,Demo,FAQ,2025-09-28,2296.34,2511.4,2395.42,114.8
Maharashtra,Pune,Pune,Jowar,Demo,FAQ,2025-09-28,2482.82,2738.61,2640.83,175.5
Maharashtra,Nagpur,Nagpur,Jowar,Demo,FAQ,2025-09-28,2208.31,2404.52,2282.55,129.2
Maharashtra,Nashik,Nashik,Jowar,Demo,FAQ,2025-10-05,2467.74,2652.26,2554.63,179.5
Maharashtra,Pune,Pune,Jowar,Demo,FAQ,2025-10-05,2508.83,2665.13,2591.23,102.2
Maharashtra,Nagpur,Nagpur,Jowar,Demo,FAQ,2025-10-05,2264.19,2428.71,2351.91,170.4
Maharashtra,Nashik,Nashik,Jowar,Demo,FAQ,2025-10-12,2336.57,2561.1,2451.58,182.8
Maharashtra,Pune,Pune,Jowar,Demo,FAQ,2025-10-12,2708.23,2918.28,2813.3,122.2
Maharashtra,Nagpur,Nagpur,Jowar,Demo,FAQ,2025-10-12,2260.12,2499.98,2366.27,156.0
Maharashtra,Nashik,Nashik,Jowar,Demo,FAQ,2025-10-19,2402.74,2687.42,2543.49,157.9
Maharashtra,Pune,Pune,Jowar,Demo,FAQ,2025-10-19,2694.2,2975.98,2820.17,172.1
Maharashtra,Nagpur,Nagpur,Jowar,Demo,FAQ,2025-10-19,2401.89,2564.33,2484.44,128.2
Maharashtra,Nashik,Nashik,Jowar,Demo,FAQ,2025-10-26,2419.83,2716.81,2574.5,125.3
Maharashtra,Pune,Pune,Jowar,Demo,FAQ,2025-10-26,2347.7,2660.56,2509.43,108.4
Maharashtra,Nagpur,Nagpur,Jowar,Demo,FAQ,2025-10-26,2238.74,2467.64,2386.06,131.3
Maharashtra,Nashik,Nashik,Jowar,Demo,FAQ,2025-11-02,2314.51,2518.88,2391.42,147.1
Maharashtra,Pune,Pune,Jowar,Demo,FAQ,2025-11-02,2575.39,2862.83,2726.96,173.8
Maharashtra,Nagpur,Nagpur,Jowar,Demo,FAQ,2025-11-02,2470.7,2639.47,2550.95,172.6
Maharashtra,Nashik,Nashik,Jowar,Demo,FAQ,2025-11-09,2471.02,2714.36,2571.48,129.3
Maharashtra,Pune,Pune,Jowar,Demo,FAQ,2025-11-09,2690.53,2929.71,2801.37,159.8
Maharashtra,Nagpur,Nagpur,Jowar,Demo,FAQ,2025-11-09,2623.87,2880.32,2742.01,192.7
Maharashtra,Nashik,Nashik,Jowar,Demo,FAQ,2025-11-16,2544.42,2778.62,2631.35,148.6
Maharashtra,Pune,Pune,Jowar,Demo,FAQ,2025-11-16,2748.06,3017.61,2870.1,136.4
Maharashtra,Nagpur,Nagpur,Jowar,Demo,FAQ,2025-11-16,2528.69,2725.78,2613.44,154.6
Maharashtra,Nashik,Nashik,Jowar,Demo,FAQ,2025-11-23,2359.84,2622.27,2467.71,181.3
Maharashtra,Pune,Pune,Jowar,Demo,FAQ,2025-11-23,2616.25,2806.72,2704.22,176.5
Maharashtra,Nagpur,Nagpur,Jowar,Demo,FAQ,2025-11-23,2479.32,2709.03,2553.55,171.6
Maharashtra,Nashik,Nashik,Jowar,Demo,FAQ,2025-11-30,2580.63,2846.81,2702.62,148.0
Maharashtra,Pune,Pune,Jowar,Demo,FAQ,2025-11-30,2612.39,2833.75,2758.42,108.6
Maharashtra,Nagpur,Nagpur,Jowar,Demo,FAQ,2025-11-30,2216.56,2374.78,2292.94,112.2
Maharashtra,Nashik,Nashik,Jowar,Demo,FAQ,2025-12-07,2268.77,2530.47,2376.09,134.8
Maharashtra,Pune,Pune,Jowar,Demo,FAQ,2025-12-07,2813.47,3002.45,2897.57,185.2
Maharashtra,Nagpur,Nagpur,Jowar,Demo,FAQ,2025-12-07,2263.62,2427.39,2353.8,172.3
Maharashtra,Nashik,Nashik,Jowar,Demo,FAQ,2025-12-14,2393.77,2622.88,2511.91,116.9
Maharashtra,Pune,Pune,Jowar,Demo,FAQ,2025-12-14,2637.22,2876.88,2795.61,107.7
Maharashtra,Nagpur,Nagpur,Jowar,Demo,FAQ,2025-12-14,2289.14,2461.18,2383.28,186.8
Maharashtra,Nashik,Nashik,Jowar,Demo,FAQ,2025-12-21,2506.62,2668.4,2579.45,181.7
Maharashtra,Pune,Pune,Jowar,Demo,FAQ,2025-12-21,2689.61,2899.39,2771.57,138.3
Maharashtra,Nagpur,Nagpur,Jowar,Demo,FAQ,2025-12-21,2444.37,2692.72,2567.6,165.0
Maharashtra,Nashik,Nashik,Jowar,Demo,FAQ,2025-12-28,2324.95,2470.81,2397.31,145.9
Maharashtra,Pune,Pune,Jowar,Demo,FAQ,2025-12-28,2742.52,2950.56,2867.14,150.2
Maharashtra,Nagpur,Nagpur,Jowar,Demo,FAQ,2025-12-28,2323.64,2595.13,2474.87,156.7
Maharashtra,Nashik,Nashik,Jowar,Demo,FAQ,2026-01-04,2283.93,2536.23,2398.21,118.5
Maharashtra,Pune,Pune,Jowar,Demo,FAQ,2026-01-04,2555.75,2780.4,2661.87,98.1
Maharashtra,Nagpur,Nagpur,Jowar,Demo,FAQ,2026-01-04,2427.05,2707.32,2564.86,97.1
Maharashtra,Nashik,Nashik,Jowar,Demo,FAQ,2026-01-11,2348.67,2558.18,2462.82,96.4
Maharashtra,Pune,Pune,Jowar,Demo,FAQ,2026-01-11,2556.56,2830.23,2671.89,140.9
Maharashtra,Nagpur,Nagpur,Jowar,Demo,FAQ,2026-01-11,2306.99,2505.54,2423.58,167.4
Maharashtra,Nashik,Nashik,Jowar,Demo,FAQ,2026-01-18,2453.34,2683.33,2547.41,101.9
Maharashtra,Pune,Pune,Jowar,Demo,FAQ,2026-01-18,2596.71,2849.96,2747.42,166.5
Maharashtra,Nagpur,Nagpur,Jowar,Demo,FAQ,2026-01-18,2360.23,2548.62,2454.59,100.8
Maharashtra,Nashik,Nashik,Jowar,Demo,FAQ,2026-01-25,2285.59,2553.21,2413.63,169.3
Maharashtra,Pune,Pune,Jowar,Demo,FAQ,2026-01-25,2553.9,2800.12,2644.97,153.5
Maharashtra,Nagpur,Nagpur,Jowar,Demo,FAQ,2026-01-25,2138.14,2339.86,2267.66,164.8
Maharashtra,Nashik,Nashik,Jowar,Demo,FAQ,2026-02-01,2401.31,2634.35,2531.55,132.0
Maharashtra,Pune,Pune,Jowar,Demo,FAQ,2026-02-01,2421.21,2616.14,2532.82,112.3
Maharashtra,Nagpur,Nagpur,Jowar,Demo,FAQ,2026-02-01,2257.25,2520.32,2389.32,148.2
Maharashtra,Nashik,Nashik,Jowar,Demo,FAQ,2026-02-08,2241.45,2489.57,2335.43,172.6
Maharashtra,Pune,Pune,Jowar,Demo,FAQ,2026-02-08,2463.46,2771.4,2611.36,107.6
Maharashtra,Nagpur,Nagpur,Jowar,Demo,FAQ,2026-02-08,2052.84,2334.29,2193.65,172.6
Maharashtra,Nashik,Nashik,Jowar,Demo,FAQ,2026-02-15,2240.24,2479.0,2361.93,120.1
Maharashtra,Pune,Pune,Jowar,Demo,FAQ,2026-02-15,2481.93,2773.95,2612.67,112.9
Maharashtra,Nagpur,Nagpur,Jowar,Demo,FAQ,2026-02-15,2353.69,2571.77,2434.26,172.9
Maharashtra,Nashik,Nashik,Jowar,Demo,FAQ,2026-02-22,2208.91,2442.48,2347.31,165.0
Maharashtra,Pune,Pune,Jowar,Demo,FAQ,2026-02-22,2386.76,2643.67,2504.14,156.5
Maharashtra,Nagpur,Nagpur,Jowar,Demo,FAQ,2026-02-22,2355.64,2552.48,2460.75,133.5
Maharashtra,Nashik,Nashik,Jowar,Demo,FAQ,2026-03-01,2282.82,2505.92,2383.15,175.6
Maharashtra,Pune,Pune,Jowar,Demo,FAQ,2026-03-01,2308.69,2458.74,2386.64,197.6
Maharashtra,Nagpur,Nagpur,Jowar,Demo,FAQ,2026-03-01,1946.91,2229.58,2099.41,134.1
Maharashtra,Nashik,Nashik,Jowar,Demo,FAQ,2026-03-08,2105.62,2314.89,2213.74,146.3
Maharashtra,Pune,Pune,Jowar,Demo,FAQ,2026-03-08,2259.84,2528.31,2383.76,117.0
Maharashtra,Nagpur,Nagpur,Jowar,Demo,FAQ,2026-03-08,2001.6,2278.56,2161.68,123.1
Maharashtra,Nashik,Nashik,Jowar,Demo,FAQ,2026-03-15,2271.79,2505.62,2348.52,117.5
Maharashtra,Pune,Pune,Jowar,Demo,FAQ,2026-03-15,2223.77,2503.04,2378.93,143.0
Maharashtra,Nagpur,Nagpur,Jowar,Demo,FAQ,2026-03-15,2121.47,2330.18,2196.95,179.3
Maharashtra,Nashik,Nashik,Jowar,Demo,FAQ,2026-03-22,2202.9,2452.93,2302.25,117.4
Maharashtra,Pune,Pune,Jowar,Demo,FAQ,2026-03-22,2252.85,2485.43,2371.7,153.3
Maharashtra,Nagpur,Nagpur,Jowar,Demo,FAQ,2026-03-22,2210.47,2429.33,2297.18,110.2
Maharashtra,Nashik,Nashik,Jowar,Demo,FAQ,2026-03-29,2056.15,2286.97,2179.22,166.1
Maharashtra,Pune,Pune,Jowar,Demo,FAQ,2026-03-29,2250.5,2487.38,2328.18,149.6
Maharashtra,Nagpur,Nagpur,Jowar,Demo,FAQ,2026-03-29,2148.04,2334.83,2237.08,186.1
Maharashtra,Nashik,Nashik,Jowar,Demo,FAQ,2026-04-05,2111.17,2278.42,2188.86,164.8
Maharashtra,Pune,Pune,Jowar,Demo,FAQ,2026-04-05,2266.8,2541.28,2420.93,190.2
Maharashtra,Nagpur,Nagpur,Jowar,Demo,FAQ,2026-04-05,2029.78,2264.0,2119.95,153.3
Maharashtra,Nashik,Nashik,Jowar,Demo,FAQ,2026-04-12,2200.75,2468.26,2353.46,167.3
Maharashtra,Pune,Pune,Jowar,Demo,FAQ,2026-04-12,2143.53,2419.87,2289.53,131.4
Maharashtra,Nagpur,Nagpur,Jowar,Demo,FAQ,2026-04-12,1946.47,2186.42,2057.0,148.2
Maharashtra,Nashik,Nashik,Jowar,Demo,FAQ,2026-04-19,1967.97,2181.71,2103.42,104.5
Maharashtra,Pune,Pune,Jowar,Demo,FAQ,2026-04-19,2044.02,2325.74,2186.42,122.0
Maharashtra,Nagpur,Nagpur,Jowar,Demo,FAQ,2026-04-19,2045.2,2303.4,2157.54,164.4
Maharashtra,Nashik,Nashik,Jowar,Demo,FAQ,2026-04-26,1810.3,2122.4,1971.84,95.8
Maharashtra,Pune,Pune,Jowar,Demo,FAQ,2026-04-26,2160.6,2369.04,2260.89,158.9
Maharashtra,Nagpur,Nagpur,Jowar,Demo,FAQ,2026-04-26,1926.17,2209.23,2052.74,168.4
Maharashtra,Nashik,Nashik,Jowar,Demo,FAQ,2026-05-03,2119.6,2307.18,2199.61,154.2
Maharashtra,Pune,Pune,Jowar,Demo,FAQ,2026-05-03,1994.69,2189.12,2100.13,114.7
Maharashtra,Nagpur,Nagpur,Jowar,Demo,FAQ,2026-05-03,1834.9,2058.96,1943.81,91.3
Maharashtra,Nashik,Nashik,Jowar,Demo,FAQ,2026-05-10,2224.42,2451.04,2300.97,95.7
Maharashtra,Pune,Pune,Jowar,Demo,FAQ,2026-05-10,2004.75,2272.85,2132.45,97.6
Maharashtra,Nagpur,Nagpur,Jowar,Demo,FAQ,2026-05-10,1895.08,2193.83,2037.37,114.2
Maharashtra,Nashik,Nashik,Jowar,Demo,FAQ,2026-05-17,2036.74,2277.18,2135.87,105.1
Maharashtra,Pune,Pune,Jowar,Demo,FAQ,2026-05-17,1955.28,2213.11,2081.84,101.4
Maharashtra,Nagpur,Nagpur,Jowar,Demo,FAQ,2026-05-17,1878.66,2044.67,1952.86,141.7
Maharashtra,Nashik,Nashik,Jowar,Demo,FAQ,2026-05-24,1975.22,2232.08,2130.19,96.6
Maharashtra,Pune,Pune,Jowar,Demo,FAQ,2026-05-24,2225.93,2397.1,2317.0,139.0
Maharashtra,Nagpur,Nagpur,Jowar,Demo,FAQ,2026-05-24,1797.15,2036.66,1875.56,104.7
Maharashtra,Nashik,Nashik,Jowar,Demo,FAQ,2026-05-31,1855.24,2121.41,1987.97,146.1
Maharashtra,Pune,Pune,Jowar,Demo,FAQ,2026-05-31,2023.61,2244.65,2135.83,127.0
Maharashtra,Nagpur,Nagpur,Jowar,Demo,FAQ,2026-05-31,1801.58,2005.28,1893.6,116.6
Maharashtra,Nashik,Nashik,Jowar,Demo,FAQ,2026-06-07,1932.14,2165.26,2072.51,119.4
Maharashtra,Pune,Pune,Jowar,Demo,FAQ,2026-06-07,2186.25,2443.32,2303.27,87.5
Maharashtra,Nagpur,Nagpur,Jowar,Demo,FAQ,2026-06-07,1968.62,2222.67,2130.51,90.0
Maharashtra,Nashik,Nashik,Jowar,Demo,FAQ,2026-06-14,1979.73,2168.14,2080.21,130.7
Maharashtra,Pune,Pune,Jowar,Demo,FAQ,2026-06-14,2184.96,2359.56,2281.72,81.7
Maharashtra,Nagpur,Nagpur,Jowar,Demo,FAQ,2026-06-14,1958.7,2157.0,2083.05,110.3
Maharashtra,Nashik,Nashik,Jowar,Demo,FAQ,2026-06-21,1821.2,1989.16,1897.04,91.8
Maharashtra,Pune,Pune,Jowar,Demo,FAQ,2026-06-21,1988.13,2185.28,2097.38,83.8
Maharashtra,Nagpur,Nagpur,Jowar,Demo,FAQ,2026-06-21,1768.39,2013.83,1923.7,103.8
Maharashtra,Nashik,Nashik,Jowar,Demo,FAQ,2026-06-28,1940.26,2223.34,2067.94,82.5
Maharashtra,Pune,Pune,Jowar,Demo,FAQ,2026-06-28,2151.96,2447.18,2286.32,89.6
Maharashtra,Nagpur,Nagpur,Jowar,Demo,FAQ,2026-06-28,1930.12,2142.76,2010.08,127.4
Maharashtra,Nashik,Nashik,Jowar,Demo,FAQ,2026-07-05,2002.53,2201.91,2127.94,128.0
Maharashtra,Pune,Pune,Jowar,Demo,FAQ,2026-07-05,2208.55,2421.5,2311.6,108.5
Maharashtra,Nagpur,Nagpur,Jowar,Demo,FAQ,2026-07-05,1775.81,2075.08,1918.26,90.5
Maharashtra,Nashik,Nashik,Jowar,Demo,FAQ,2026-07-12,2074.35,2354.0,2194.12,84.4
Maharashtra,Pune,Pune,Jowar,Demo,FAQ,2026-07-12,2154.51,2328.44,2253.64,71.9
Maharashtra,Nagpur,Nagpur,Jowar,Demo,FAQ,2026-07-12,2004.2,2227.42,2094.22,123.5
Maharashtra,Nashik,Nashik,Jowar,Demo,FAQ,2026-07-19,1880.88,2052.49,1977.53,77.3
Maharashtra,Pune,Pune,Jowar,Demo,FAQ,2026-07-19,2174.81,2370.26,2264.18,133.3
Maharashtra,Nagpur,Nagpur,Jowar,Demo,FAQ,2026-07-19,2004.43,2208.45,2106.94,110.5
Maharashtra,Nashik,Nashik,Jowar,Demo,FAQ,2026-07-26,2122.93,2371.7,2219.26,96.4
Maharashtra,Pune,Pune,Jowar,Demo,FAQ,2026-07-26,2329.43,2548.15,2430.93,100.4
Maharashtra,Nagpur,Nagpur,Jowar,Demo,FAQ,2026-07-26,1939.94,2152.35,2035.11,88.3
Maharashtra,Nashik,Nashik,Jowar,Demo,FAQ,2026-08-02,1971.77,2246.73,2133.76,76.6
Maharashtra,Pune,Pune,Jowar,Demo,FAQ,2026-08-02,2395.81,2666.24,2511.22,92.2
Maharashtra,Nagpur,Nagpur,Jowar,Demo,FAQ,2026-08-02,2198.14,2436.07,2280.4,99.6
Maharashtra,Nashik,Nashik,Jowar,Demo,FAQ,2026-08-09,2258.18,2531.03,2377.15,80.6
Maharashtra,Pune,Pune,Jowar,Demo,FAQ,2026-08-09,2365.41,2553.31,2442.69,95.9
Maharashtra,Nagpur,Nagpur,Jowar,Demo,FAQ,2026-08-09,2094.98,2369.04,2255.79,107.8
Maharashtra,Nashik,Nashik,Jowar,Demo,FAQ,2026-08-16,2254.8,2552.27,2412.19,117.8
Maharashtra,Pune,Pune,Jowar,Demo,FAQ,2026-08-16,2378.47,2605.46,2494.22,94.9
Maharashtra,Nagpur,Nagpur,Jowar,Demo,FAQ,2026-08-16,1949.64,2179.4,2068.6,148.5
Maharashtra,Nashik,Nashik,Jowar,Demo,FAQ,2026-08-23,2360.79,2588.4,2438.77,147.9
Maharashtra,Pune,Pune,Jowar,Demo,FAQ,2026-08-23,2286.95,2441.09,2366.96,103.1
Maharashtra,Nagpur,Nagpur,Jowar,Demo,FAQ,2026-08-23,2021.18,2263.13,2170.01,84.0
Maharashtra,Nashik,Nashik,Jowar,Demo,FAQ,2026-08-30,2305.85,2571.19,2431.14,103.5
Maharashtra,Pune,Pune,Jowar,Demo,FAQ,2026-08-30,2180.11,2378.65,2253.09,89.2
Maharashtra,Nagpur,Nagpur,Jowar,Demo,FAQ,2026-08-30,2050.07,2234.31,2145.26,91.1
Maharashtra,Raigad,Panvel,Tomato,Demo,FAQ,2025-08-31,2526.2,2787.84,2613.83,94.5
Maharashtra,Raigad,Panvel,Onion,Demo,FAQ,2025-08-31,2057.95,2338.84,2216.99,155.6
Maharashtra,Raigad,Panvel,Potato,Demo,FAQ,2025-08-31,1661.61,2001.06,1835.14,146.0
Maharashtra,Raigad,Panvel,Soyabean,Demo,FAQ,2025-08-31,4737.86,5021.4,4911.07,134.6
Maharashtra,Raigad,Panvel,Wheat,Demo,FAQ,2025-08-31,2654.49,2935.73,2775.72,91.6
Maharashtra,Raigad,Panvel,Tomato,Demo,FAQ,2025-09-07,2543.02,2733.1,2635.11,136.0
Maharashtra,Raigad,Panvel,Onion,Demo,FAQ,2025-09-07,2071.4,2253.13,2163.5,140.0
Maharashtra,Raigad,Panvel,Potato,Demo,FAQ,2025-09-07,1920.08,2109.7,2028.28,129.1
Maharashtra,Raigad,Panvel,Soyabean,Demo,FAQ,2025-09-07,4639.93,4890.37,4747.1,110.2
Maharashtra,Raigad,Panvel,Wheat,Demo,FAQ,2025-09-07,2598.72,2835.13,2685.94,165.8
Maharashtra,Raigad,Panvel,Tomato,Demo,FAQ,2025-09-14,2442.03,2690.15,2549.98,93.8
Maharashtra,Raigad,Panvel,Onion,Demo,FAQ,2025-09-14,2049.71,2377.8,2223.09,157.8
Maharashtra,Raigad,Panvel,Potato,Demo,FAQ,2025-09-14,1662.04,1905.59,1770.43,156.7
Maharashtra,Raigad,Panvel,Soyabean,Demo,FAQ,2025-09-14,4763.85,4992.61,4905.93,119.6
Maharashtra,Raigad,Panvel,Wheat,Demo,FAQ,2025-09-14,2522.65,2786.83,2617.77,159.8
Maharashtra,Raigad,Panvel,Tomato,Demo,FAQ,2025-09-21,2539.94,2752.55,2626.45,132.5
Maharashtra,Raigad,Panvel,Onion,Demo,FAQ,2025-09-21,2125.33,2327.26,2246.74,144.3
Maharashtra,Raigad,Panvel,Potato,Demo,FAQ,2025-09-21,1845.61,2148.98,1995.26,117.5
Maharashtra,Raigad,Panvel,Soyabean,Demo,FAQ,2025-09-21,4491.38,4758.47,4648.98,97.2
Maharashtra,Raigad,Panvel,Wheat,Demo,FAQ,2025-09-21,2611.03,2907.73,2732.07,109.0
Maharashtra,Raigad,Panvel,Tomato,Demo,FAQ,2025-09-28,2498.84,2757.11,2642.09,143.5
Maharashtra,Raigad,Panvel,Onion,Demo,FAQ,2025-09-28,2431.57,2620.96,2524.99,107.1
Maharashtra,Raigad,Panvel,Potato,Demo,FAQ,2025-09-28,1935.19,2107.45,2027.69,173.3
Maharashtra,Raigad,Panvel,Soyabean,Demo,FAQ,2025-09-28,4530.98,4786.16,4628.96,166.7
Maharashtra,Raigad,Panvel,Wheat,Demo,FAQ,2025-09-28,2703.52,2982.04,2875.57,154.5
Maharashtra,Raigad,Panvel,Tomato,Demo,FAQ,2025-10-05,2495.04,2804.95,2668.14,154.5
Maharashtra,Raigad,Panvel,Onion,Demo,FAQ,2025-10-05,2105.07,2362.75,2261.56,170.4
Maharashtra,Raigad,Panvel,Potato,Demo,FAQ,2025-10-05,2043.17,2348.87,2185.46,114.7
Maharashtra,Raigad,Panvel,Soyabean,Demo,FAQ,2025-10-05,4522.87,4752.25,4659.52,189.7
Maharashtra,Raigad,Panvel,Wheat,Demo,FAQ,2025-10-05,2731.84,2902.03,2821.56,123.8
Maharashtra,Raigad,Panvel,Tomato,Demo,FAQ,2025-10-12,2577.76,2869.75,2705.6,132.7
Maharashtra,Raigad,Panvel,Onion,Demo,FAQ,2025-10-12,2332.39,2530.62,2415.61,143.2
Maharashtra,Raigad,Panvel,Potato,Demo,FAQ,2025-10-12,2018.45,2359.7,2185.3,176.9
Maharashtra,Raigad,Panvel,Soyabean,Demo,FAQ,2025-10-12,4675.74,4961.94,4838.18,135.0
Maharashtra,Raigad,Panvel,Wheat,Demo,FAQ,2025-10-12,2948.96,3177.68,3063.37,136.2
Maharashtra,Raigad,Panvel,Tomato,Demo,FAQ,2025-10-19,2777.93,3019.38,2888.5,162.6
Maharashtra,Raigad,Panvel,Onion,Demo,FAQ,2025-10-19,2408.93,2653.65,2507.16,185.2
Maharashtra,Raigad,Panvel,Potato,Demo,FAQ,2025-10-19,1916.54,2245.8,2088.91,163.8
Maharashtra,Raigad,Panvel,Soyabean,Demo,FAQ,2025-10-19,4623.07,4857.05,4761.86,155.5
Maharashtra,Raigad,Panvel,Wheat,Demo,FAQ,2025-10-19,2933.69,3240.52,3070.85,195.9
Maharashtra,Raigad,Panvel,Tomato,Demo,FAQ,2025-10-26,2687.24,2964.77,2798.33,127.7
Maharashtra,Raigad,Panvel,Onion,Demo,FAQ,2025-10-26,2404.9,2642.18,2526.21,202.3
Maharashtra,Raigad,Panvel,Potato,Demo,FAQ,2025-10-26,2122.18,2442.54,2270.92,143.3
Maharashtra,Raigad,Panvel,Soyabean,Demo,FAQ,2025-10-26,4748.4,5030.61,4871.33,113.2
Maharashtra,Raigad,Panvel,Wheat,Demo,FAQ,2025-10-26,2556.39,2897.06,2732.49,150.5
Maharashtra,Raigad,Panvel,Tomato,Demo,FAQ,2025-11-02,2677.87,2872.29,2779.87,109.4
Maharashtra,Raigad,Panvel,Onion,Demo,FAQ,2025-11-02,2383.31,2678.04,2521.09,116.7
Maharashtra,Raigad,Panvel,Potato,Demo,FAQ,2025-11-02,2097.1,2339.97,2257.63,159.2
Maharashtra,Raigad,Panvel,Soyabean,Demo,FAQ,2025-11-02,4653.25,4900.95,4803.64,178.7
Maharashtra,Raigad,Panvel,Wheat,Demo,FAQ,2025-11-02,2804.31,3117.3,2969.36,115.5
Maharashtra,Raigad,Panvel,Tomato,Demo,FAQ,2025-11-09,2572.51,2799.63,2707.0,184.2
Maharashtra,Raigad,Panvel,Onion,Demo,FAQ,2025-11-09,2352.13,2598.34,2480.35,131.8
Maharashtra,Raigad,Panvel,Potato,Demo,FAQ,2025-11-09,2039.84,2299.19,2180.43,134.2
Maharashtra,Raigad,Panvel,Soyabean,Demo,FAQ,2025-11-09,5012.57,5247.59,5113.08,174.4
Maharashtra,Raigad,Panvel,Wheat,Demo,FAQ,2025-11-09,2929.69,3190.13,3050.38,150.0
Maharashtra,Raigad,Panvel,Tomato,Demo,FAQ,2025-11-16,2560.83,2826.83,2717.62,177.8
Maharashtra,Raigad,Panvel,Onion,Demo,FAQ,2025-11-16,2298.84,2505.34,2410.0,129.1
Maharashtra,Raigad,Panvel,Potato,Demo,FAQ,2025-11-16,2117.64,2345.05,2254.93,181.4
Maharashtra,Raigad,Panvel,Soyabean,Demo,FAQ,2025-11-16,4593.68,4851.29,4710.09,157.1
Maharashtra,Raigad,Panvel,Wheat,Demo,FAQ,2025-11-16,2992.33,3285.84,3125.22,186.3
Maharashtra,Raigad,Panvel,Tomato,Demo,FAQ,2025-11-23,2648.56,2866.12,2772.95,140.2
Maharashtra,Raigad,Panvel,Onion,Demo,FAQ,2025-11-23,2456.82,2670.21,2583.56,128.1
Maharashtra,Raigad,Panvel,Potato,Demo,FAQ,2025-11-23,2064.17,2309.77,2178.5,197.0
Maharashtra,Raigad,Panvel,Soyabean,Demo,FAQ,2025-11-23,4726.53,5024.2,4862.47,123.3
Maharashtra,Raigad,Panvel,Wheat,Demo,FAQ,2025-11-23,2848.8,3056.21,2944.6,200.7
Maharashtra,Raigad,Panvel,Tomato,Demo,FAQ,2025-11-30,2630.34,2883.28,2735.98,173.1
Maharashtra,Raigad,Panvel,Onion,Demo,FAQ,2025-11-30,1993.78,2321.61,2166.57,182.6
Maharashtra,Raigad,Panvel,Potato,Demo,FAQ,2025-11-30,2170.56,2452.1,2345.44,194.5
Maharashtra,Raigad,Panvel,Soyabean,Demo,FAQ,2025-11-30,4663.77,4962.73,4838.76,187.4
Maharashtra,Raigad,Panvel,Wheat,Demo,FAQ,2025-11-30,2844.61,3085.64,3003.61,175.4
Maharashtra,Raigad,Panvel,Tomato,Demo,FAQ,2025-12-07,2496.1,2803.85,2646.97,154.7
Maharashtra,Raigad,Panvel,Onion,Demo,FAQ,2025-12-07,2293.65,2492.68,2374.95,114.9
Maharashtra,Raigad,Panvel,Potato,Demo,FAQ,2025-12-07,1969.91,2223.46,2106.17,178.2
Maharashtra,Raigad,Panvel,Soyabean,Demo,FAQ,2025-12-07,4803.77,5087.49,4980.05,140.7
Maharashtra,Raigad,Panvel,Wheat,Demo,FAQ,2025-12-07,3063.56,3269.34,3155.13,158.3
Maharashtra,Raigad,Panvel,Tomato,Demo,FAQ,2025-12-14,2525.67,2850.16,2698.07,177.6
Maharashtra,Raigad,Panvel,Onion,Demo,FAQ,2025-12-14,2229.53,2516.96,2380.67,106.6
Maharashtra,Raigad,Panvel,Potato,Demo,FAQ,2025-12-14,2060.01,2349.44,2193.44,144.4
Maharashtra,Raigad,Panvel,Soyabean,Demo,FAQ,2025-12-14,4677.66,4929.79,4833.24,130.6
Maharashtra,Raigad,Panvel,Wheat,Demo,FAQ,2025-12-14,2871.64,3132.6,3044.11,132.9
Maharashtra,Raigad,Panvel,Tomato,Demo,FAQ,2025-12-21,2608.87,2814.29,2698.2,160.6
Maharashtra,Raigad,Panvel,Onion,Demo,FAQ,2025-12-21,2342.04,2594.37,2431.42,142.7
Maharashtra,Raigad,Panvel,Potato,Demo,FAQ,2025-12-21,1914.89,2128.81,2018.81,133.8
Maharashtra,Raigad,Panvel,Soyabean,Demo,FAQ,2025-12-21,4625.38,4897.08,4748.94,129.3
Maharashtra,Raigad,Panvel,Wheat,Demo,FAQ,2025-12-21,2928.69,3157.11,3017.93,130.4
Maharashtra,Raigad,Panvel,Tomato,Demo,FAQ,2025-12-28,2831.65,3080.15,2926.0,161.0
Maharashtra,Raigad,Panvel,Onion,Demo,FAQ,2025-12-28,2396.11,2663.81,2554.2,125.3
Maharashtra,Raigad,Panvel,Potato,Demo,FAQ,2025-12-28,2054.32,2246.94,2166.68,114.5
Maharashtra,Raigad,Panvel,Soyabean,Demo,FAQ,2025-12-28,4938.69,5121.92,5029.44,178.3
Maharashtra,Raigad,Panvel,Wheat,Demo,FAQ,2025-12-28,2986.3,3212.83,3122.0,167.5
Maharashtra,Raigad,Panvel,Tomato,Demo,FAQ,2026-01-04,2444.73,2695.45,2552.02,159.4
Maharashtra,Raigad,Panvel,Onion,Demo,FAQ,2026-01-04,2173.02,2422.9,2305.68,165.6
Maharashtra,Raigad,Panvel,Potato,Demo,FAQ,2026-01-04,2056.98,2293.01,2136.6,133.9
Maharashtra,Raigad,Panvel,Soyabean,Demo,FAQ,2026-01-04,4714.54,4983.06,4887.18,164.5
Maharashtra,Raigad,Panvel,Wheat,Demo,FAQ,2026-01-04,2782.93,3027.54,2898.48,152.3
Maharashtra,Raigad,Panvel,Tomato,Demo,FAQ,2026-01-11,2435.45,2680.24,2592.06,107.0
Maharashtra,Raigad,Panvel,Onion,Demo,FAQ,2026-01-11,2258.56,2485.3,2375.63,95.4
Maharashtra,Raigad,Panvel,Potato,Demo,FAQ,2026-01-11,2084.09,2316.48,2199.45,119.8
Maharashtra,Raigad,Panvel,Soyabean,Demo,FAQ,2026-01-11,4514.74,4831.72,4666.99,109.2
Maharashtra,Raigad,Panvel,Wheat,Demo,FAQ,2026-01-11,2783.81,3081.81,2909.39,114.5
Maharashtra,Raigad,Panvel,Tomato,Demo,FAQ,2026-01-18,2489.46,2831.11,2656.22,106.3
Maharashtra,Raigad,Panvel,Onion,Demo,FAQ,2026-01-18,1910.03,2210.15,2071.32,127.1
Maharashtra,Raigad,Panvel,Potato,Demo,FAQ,2026-01-18,1862.7,2084.89,1970.1,143.5
Maharashtra,Raigad,Panvel,Soyabean,Demo,FAQ,2026-01-18,4700.77,4893.33,4789.01,139.2
Maharashtra,Raigad,Panvel,Wheat,Demo,FAQ,2026-01-18,2827.53,3103.29,2991.64,168.7
Maharashtra,Raigad,Panvel,Tomato,Demo,FAQ,2026-01-25,2439.77,2695.37,2568.89,127.5
Maharashtra,Raigad,Panvel,Onion,Demo,FAQ,2026-01-25,2307.32,2573.57,2479.14,180.6
Maharashtra,Raigad,Panvel,Potato,Demo,FAQ,2026-01-25,2014.34,2276.31,2152.33,172.7
Maharashtra,Raigad,Panvel,Soyabean,Demo,FAQ,2026-01-25,4496.03,4758.05,4589.42,173.8
Maharashtra,Raigad,Panvel,Wheat,Demo,FAQ,2026-01-25,2780.92,3049.02,2880.08,137.7
Maharashtra,Raigad,Panvel,Tomato,Demo,FAQ,2026-02-01,2628.36,2812.73,2719.4,145.9
Maharashtra,Raigad,Panvel,Onion,Demo,FAQ,2026-02-01,2131.04,2392.93,2268.21,176.0
Maharashtra,Raigad,Panvel,Potato,Demo,FAQ,2026-02-01,1691.7,2009.42,1857.55,184.1
Maharashtra,Raigad,Panvel,Soyabean,Demo,FAQ,2026-02-01,4803.41,5054.78,4921.31,126.2
Maharashtra,Raigad,Panvel,Wheat,Demo,FAQ,2026-02-01,2636.43,2848.68,2757.96,128.5
Maharashtra,Raigad,Panvel,Tomato,Demo,FAQ,2026-02-08,2598.63,2916.03,2753.29,117.0
Maharashtra,Raigad,Panvel,Onion,Demo,FAQ,2026-02-08,2162.04,2427.89,2329.65,172.6
Maharashtra,Raigad,Panvel,Potato,Demo,FAQ,2026-02-08,1944.56,2236.19,2118.63,145.4
Maharashtra,Raigad,Panvel,Soyabean,Demo,FAQ,2026-02-08,4672.34,4944.4,4834.42,195.0
Maharashtra,Raigad,Panvel,Wheat,Demo,FAQ,2026-02-08,2682.44,3017.74,2843.48,179.7
Maharashtra,Raigad,Panvel,Tomato,Demo,FAQ,2026-02-15,2466.3,2676.71,2573.05,122.5
Maharashtra,Raigad,Panvel,Onion,Demo,FAQ,2026-02-15,2143.0,2410.9,2254.34,133.3
Maharashtra,Raigad,Panvel,Potato,Demo,FAQ,2026-02-15,1766.58,1979.9,1860.07,180.1
Maharashtra,Raigad,Panvel,Soyabean,Demo,FAQ,2026-02-15,4553.59,4862.12,4718.71,189.7
Maharashtra,Raigad,Panvel,Wheat,Demo,FAQ,2026-02-15,2702.55,3020.53,2844.91,165.7
Maharashtra,Raigad,Panvel,Tomato,Demo,FAQ,2026-02-22,2515.13,2742.85,2598.58,203.8
Maharashtra,Raigad,Panvel,Onion,Demo,FAQ,2026-02-22,2250.33,2533.82,2407.27,133.5
Maharashtra,Raigad,Panvel,Potato,Demo,FAQ,2026-02-22,1738.52,1900.54,1822.09,201.4
Maharashtra,Raigad,Panvel,Soyabean,Demo,FAQ,2026-02-22,4490.92,4812.74,4653.68,184.4
Maharashtra,Raigad,Panvel,Wheat,Demo,FAQ,2026-02-22,2598.92,2878.66,2726.73,154.1
Maharashtra,Raigad,Panvel,Tomato,Demo,FAQ,2026-03-01,2456.85,2648.11,2552.53,143.9
Maharashtra,Raigad,Panvel,Onion,Demo,FAQ,2026-03-01,2051.74,2389.91,2215.9,193.9
Maharashtra,Raigad,Panvel,Potato,Demo,FAQ,2026-03-01,1660.65,1952.63,1793.04,186.6
Maharashtra,Raigad,Panvel,Soyabean,Demo,FAQ,2026-03-01,4382.86,4694.95,4535.55,147.6
Maharashtra,Raigad,Panvel,Wheat,Demo,FAQ,2026-03-01,2513.91,2677.29,2598.78,195.1
Maharashtra,Raigad,Panvel,Tomato,Demo,FAQ,2026-03-08,2415.86,2670.17,2585.94,130.4
Maharashtra,Raigad,Panvel,Onion,Demo,FAQ,2026-03-08,1898.09,2113.59,2017.93,124.3
Maharashtra,Raigad,Panvel,Potato,Demo,FAQ,2026-03-08,1776.22,2012.97,1914.44,154.8
Maharashtra,Raigad,Panvel,Soyabean,Demo,FAQ,2026-03-08,4320.95,4635.2,4482.88,163.3
Maharashtra,Raigad,Panvel,Wheat,Demo,FAQ,2026-03-08,2460.71,2753.05,2595.65,134.1
Maharashtra,Raigad,Panvel,Tomato,Demo,FAQ,2026-03-15,2331.74,2538.94,2441.6,172.0
Maharashtra,Raigad,Panvel,Onion,Demo,FAQ,2026-03-15,1983.26,2322.29,2152.47,143.0
Maharashtra,Raigad,Panvel,Potato,Demo,FAQ,2026-03-15,1655.35,1877.45,1765.18,143.0
Maharashtra,Raigad,Panvel,Soyabean,Demo,FAQ,2026-03-15,4389.45,4645.52,4541.9,191.4
Maharashtra,Raigad,Panvel,Wheat,Demo,FAQ,2026-03-15,2421.44,2725.53,2590.38,182.9
Maharashtra,Raigad,Panvel,Tomato,Demo,FAQ,2026-03-22,2028.07,2279.16,2155.12,111.4
Maharashtra,Raigad,Panvel,Onion,Demo,FAQ,2026-03-22,2042.2,2290.68,2136.34,177.3
Maharashtra,Raigad,Panvel,Potato,Demo,FAQ,2026-03-22,1544.39,1823.96,1708.86,191.6
Maharashtra,Raigad,Panvel,Soyabean,Demo,FAQ,2026-03-22,4596.71,4830.69,4711.37,121.0
Maharashtra,Raigad,Panvel,Wheat,Demo,FAQ,2026-03-22,2453.11,2706.36,2582.52,125.8
Maharashtra,Raigad,Panvel,Tomato,Demo,FAQ,2026-03-29,2367.76,2596.75,2497.34,162.5
Maharashtra,Raigad,Panvel,Onion,Demo,FAQ,2026-03-29,1964.13,2224.33,2138.02,194.3
Maharashtra,Raigad,Panvel,Potato,Demo,FAQ,2026-03-29,1557.86,1905.98,1733.62,123.7
Maharashtra,Raigad,Panvel,Soyabean,Demo,FAQ,2026-03-29,4297.72,4471.91,4387.64,155.5
Maharashtra,Raigad,Panvel,Wheat,Demo,FAQ,2026-03-29,2450.55,2708.48,2535.13,107.2
Maharashtra,Raigad,Panvel,Tomato,Demo,FAQ,2026-04-05,2311.54,2645.31,2471.28,177.5
Maharashtra,Raigad,Panvel,Onion,Demo,FAQ,2026-04-05,1925.03,2246.15,2098.67,155.6
Maharashtra,Raigad,Panvel,Potato,Demo,FAQ,2026-04-05,1487.82,1764.76,1642.65,163.7
Maharashtra,Raigad,Panvel,Soyabean,Demo,FAQ,2026-04-05,4456.35,4755.44,4585.3,113.0
Maharashtra,Raigad,Panvel,Wheat,Demo,FAQ,2026-04-05,2468.3,2767.17,2636.12,185.6
Maharashtra,Raigad,Panvel,Tomato,Demo,FAQ,2026-04-12,2408.92,2596.74,2496.19,166.2
Maharashtra,Raigad,Panvel,Onion,Demo,FAQ,2026-04-12,2063.69,2350.44,2206.11,170.6
Maharashtra,Raigad,Panvel,Potato,Demo,FAQ,2026-04-12,1518.06,1774.54,1645.22,184.1
Maharashtra,Raigad,Panvel,Soyabean,Demo,FAQ,2026-04-12,4397.22,4634.47,4533.73,117.9
Maharashtra,Raigad,Panvel,Wheat,Demo,FAQ,2026-04-12,2334.07,2634.97,2493.04,125.7
Maharashtra,Raigad,Panvel,Tomato,Demo,FAQ,2026-04-19,2212.38,2529.15,2356.62,104.5
Maharashtra,Raigad,Panvel,Onion,Demo,FAQ,2026-04-19,1701.34,1944.02,1852.77,135.0
Maharashtra,Raigad,Panvel,Potato,Demo,FAQ,2026-04-19,1461.7,1653.01,1555.24,105.6
Maharashtra,Raigad,Panvel,Soyabean,Demo,FAQ,2026-04-19,4448.57,4666.7,4573.86,148.1
Maharashtra,Raigad,Panvel,Wheat,Demo,FAQ,2026-04-19,2225.71,2532.47,2380.76,125.2
Maharashtra,Raigad,Panvel,Tomato,Demo,FAQ,2026-04-26,2154.82,2373.66,2271.64,141.1
Maharashtra,Raigad,Panvel,Onion,Demo,FAQ,2026-04-26,1666.12,1920.83,1767.65,143.2
Maharashtra,Raigad,Panvel,Potato,Demo,FAQ,2026-04-26,1513.57,1836.97,1681.01,126.3
Maharashtra,Raigad,Panvel,Soyabean,Demo,FAQ,2026-04-26,4356.41,4649.32,4488.93,108.4
Maharashtra,Raigad,Panvel,Wheat,Demo,FAQ,2026-04-26,2352.66,2579.62,2461.86,118.9
Maharashtra,Raigad,Panvel,Tomato,Demo,FAQ,2026-05-03,2230.41,2412.02,2327.94,114.7
Maharashtra,Raigad,Panvel,Onion,Demo,FAQ,2026-05-03,1978.24,2250.48,2082.58,96.4
Maharashtra,Raigad,Panvel,Potato,Demo,FAQ,2026-05-03,1591.95,1833.27,1712.48,138.0
Maharashtra,Raigad,Panvel,Soyabean,Demo,FAQ,2026-05-03,4306.51,4616.7,4440.89,97.4
Maharashtra,Raigad,Panvel,Wheat,Demo,FAQ,2026-05-03,2171.99,2383.71,2286.81,156.3
Maharashtra,Raigad,Panvel,Tomato,Demo,FAQ,2026-05-10,2195.15,2431.84,2313.92,139.6
Maharashtra,Raigad,Panvel,Onion,Demo,FAQ,2026-05-10,1711.7,1932.12,1808.27,88.8
Maharashtra,Raigad,Panvel,Potato,Demo,FAQ,2026-05-10,1584.83,1847.35,1676.46,111.3
Maharashtra,Raigad,Panvel,Soyabean,Demo,FAQ,2026-05-10,4275.82,4530.01,4430.94,87.9
Maharashtra,Raigad,Panvel,Wheat,Demo,FAQ,2026-05-10,2182.95,2474.88,2322.0,96.6
Maharashtra,Raigad,Panvel,Tomato,Demo,FAQ,2026-05-17,2085.48,2395.68,2236.87,115.4
Maharashtra,Raigad,Panvel,Onion,Demo,FAQ,2026-05-17,1790.3,2113.71,1945.82,85.4
Maharashtra,Raigad,Panvel,Potato,Demo,FAQ,2026-05-17,1316.74,1634.23,1465.87,118.2
Maharashtra,Raigad,Panvel,Soyabean,Demo,FAQ,2026-05-17,4278.96,4549.4,4443.17,128.6
Maharashtra,Raigad,Panvel,Wheat,Demo,FAQ,2026-05-17,2129.08,2409.83,2266.9,124.8
Maharashtra,Raigad,Panvel,Tomato,Demo,FAQ,2026-05-24,2067.92,2343.63,2180.45,112.8
Maharashtra,Raigad,Panvel,Onion,Demo,FAQ,2026-05-24,1647.62,1964.33,1799.13,83.9
Maharashtra,Raigad,Panvel,Potato,Demo,FAQ,2026-05-24,1387.02,1675.69,1535.0,143.5
Maharashtra,Raigad,Panvel,Soyabean,Demo,FAQ,2026-05-24,4234.42,4505.03,4392.37,83.9
Maharashtra,Raigad,Panvel,Wheat,Demo,FAQ,2026-05-24,2423.79,2610.17,2522.95,88.5
Maharashtra,Raigad,Panvel,Tomato,Demo,FAQ,2026-05-31,2037.47,2331.99,2191.76,131.3
Maharashtra,Raigad,Panvel,Onion,Demo,FAQ,2026-05-31,1704.05,1955.55,1799.08,80.9
Maharashtra,Raigad,Panvel,Potato,Demo,FAQ,2026-05-31,1488.88,1728.28,1574.9,145.3
Maharashtra,Raigad,Panvel,Soyabean,Demo,FAQ,2026-05-31,4406.55,4678.61,4539.27,122.6
Maharashtra,Raigad,Panvel,Wheat,Demo,FAQ,2026-05-31,2203.49,2444.17,2325.68,146.1
Maharashtra,Raigad,Panvel,Tomato,Demo,FAQ,2026-06-07,2049.91,2327.53,2202.82,84.1
Maharashtra,Raigad,Panvel,Onion,Demo,FAQ,2026-06-07,2048.44,2262.82,2133.88,113.5
Maharashtra,Raigad,Panvel,Potato,Demo,FAQ,2026-06-07,1603.71,1791.1,1703.37,93.3
Maharashtra,Raigad,Panvel,Soyabean,Demo,FAQ,2026-06-07,4223.87,4489.29,4394.5,97.5
Maharashtra,Raigad,Panvel,Wheat,Demo,FAQ,2026-06-07,2380.59,2660.5,2508.01,111.0
Maharashtra,Raigad,Panvel,Tomato,Demo,FAQ,2026-06-14,2031.23,2382.44,2206.99,79.2
Maharashtra,Raigad,Panvel,Onion,Demo,FAQ,2026-06-14,1755.78,1985.39,1863.89,120.1
Maharashtra,Raigad,Panvel,Potato,Demo,FAQ,2026-06-14,1588.74,1850.03,1722.1,134.8
Maharashtra,Raigad,Panvel,Soyabean,Demo,FAQ,2026-06-14,4358.95,4642.84,4520.7,111.1
Maharashtra,Raigad,Panvel,Wheat,Demo,FAQ,2026-06-14,2379.18,2569.3,2484.54,81.7
Maharashtra,Raigad,Panvel,Tomato,Demo,FAQ,2026-06-21,2225.51,2432.74,2347.31,124.6
Maharashtra,Raigad,Panvel,Onion,Demo,FAQ,2026-06-21,1905.64,2146.99,2003.91,76.7
Maharashtra,Raigad,Panvel,Potato,Demo,FAQ,2026-06-21,1749.44,1932.74,1849.83,113.4
Maharashtra,Raigad,Panvel,Soyabean,Demo,FAQ,2026-06-21,4291.85,4597.84,4449.69,130.9
Maharashtra,Raigad,Panvel,Wheat,Demo,FAQ,2026-06-21,2164.85,2379.53,2283.81,130.9
Maharashtra,Raigad,Panvel,Tomato,Demo,FAQ,2026-06-28,2066.3,2299.06,2145.88,129.7
Maharashtra,Raigad,Panvel,Onion,Demo,FAQ,2026-06-28,1989.74,2247.68,2128.38,77.8
Maharashtra,Raigad,Panvel,Potato,Demo,FAQ,2026-06-28,1698.81,1936.17,1827.17,128.9
Maharashtra,Raigad,Panvel,Soyabean,Demo,FAQ,2026-06-28,4186.55,4436.39,4336.89,73.9
Maharashtra,Raigad,Panvel,Wheat,Demo,FAQ,2026-06-28,2343.25,2664.71,2489.55,71.5
Maharashtra,Raigad,Panvel,Tomato,Demo,FAQ,2026-07-05,2198.03,2415.6,2304.37,119.4
Maharashtra,Raigad,Panvel,Onion,Demo,FAQ,2026-07-05,1769.68,2061.17,1934.81,94.4
Maharashtra,Raigad,Panvel,Potato,Demo,FAQ,2026-07-05,1540.11,1788.66,1659.12,120.2
Maharashtra,Raigad,Panvel,Soyabean,Demo,FAQ,2026-07-05,4376.55,4602.43,4479.29,113.2
Maharashtra,Raigad,Panvel,Wheat,Demo,FAQ,2026-07-05,2404.87,2636.75,2517.07,89.7
Maharashtra,Raigad,Panvel,Tomato,Demo,FAQ,2026-07-12,2206.51,2502.46,2362.09,106.3
Maharashtra,Raigad,Panvel,Onion,Demo,FAQ,2026-07-12,1681.6,1936.78,1856.79,101.6
Maharashtra,Raigad,Panvel,Potato,Demo,FAQ,2026-07-12,1555.74,1831.24,1726.79,125.8
Maharashtra,Raigad,Panvel,Soyabean,Demo,FAQ,2026-07-12,4359.42,4649.9,4487.27,121.9
Maharashtra,Raigad,Panvel,Wheat,Demo,FAQ,2026-07-12,2346.02,2535.41,2453.96,86.7
Maharashtra,Raigad,Panvel,Tomato,Demo,FAQ,2026-07-19,2332.81,2594.04,2445.4,132.6
Maharashtra,Raigad,Panvel,Onion,Demo,FAQ,2026-07-19,1828.62,2037.71,1910.84,71.0
Maharashtra,Raigad,Panvel,Potato,Demo,FAQ,2026-07-19,1388.0,1684.35,1536.02,90.7
Maharashtra,Raigad,Panvel,Soyabean,Demo,FAQ,2026-07-19,4526.54,4775.64,4606.33,75.7
Maharashtra,Raigad,Panvel,Wheat,Demo,FAQ,2026-07-19,2368.13,2580.95,2465.44,93.1
Maharashtra,Raigad,Panvel,Tomato,Demo,FAQ,2026-07-26,2203.29,2548.19,2378.79,90.8
Maharashtra,Raigad,Panvel,Onion,Demo,FAQ,2026-07-26,1960.7,2235.22,2081.67,134.1
Maharashtra,Raigad,Panvel,Potato,Demo,FAQ,2026-07-26,1427.82,1652.28,1570.54,79.5
Maharashtra,Raigad,Panvel,Soyabean,Demo,FAQ,2026-07-26,4479.51,4684.4,4562.08,75.5
Maharashtra,Raigad,Panvel,Wheat,Demo,FAQ,2026-07-26,2536.48,2774.65,2647.01,110.8
Maharashtra,Raigad,Panvel,Tomato,Demo,FAQ,2026-08-02,2275.95,2538.65,2435.09,88.1
Maharashtra,Raigad,Panvel,Onion,Demo,FAQ,2026-08-02,2032.37,2326.61,2190.96,92.2
Maharashtra,Raigad,Panvel,Potato,Demo,FAQ,2026-08-02,1528.21,1771.59,1686.57,96.3
Maharashtra,Raigad,Panvel,Soyabean,Demo,FAQ,2026-08-02,4502.02,4748.09,4612.11,119.4
Maharashtra,Raigad,Panvel,Wheat,Demo,FAQ,2026-08-02,2608.77,2903.24,2734.44,96.3
Maharashtra,Raigad,Panvel,Tomato,Demo,FAQ,2026-08-09,2166.44,2382.65,2285.62,76.4
Maharashtra,Raigad,Panvel,Onion,Demo,FAQ,2026-08-09,2225.16,2455.41,2367.8,87.4
Maharashtra,Raigad,Panvel,Potato,Demo,FAQ,2026-08-09,1781.41,1973.25,1888.91,86.6
Maharashtra,Raigad,Panvel,Soyabean,Demo,FAQ,2026-08-09,4430.8,4673.77,4543.04,112.9
Maharashtra,Raigad,Panvel,Wheat,Demo,FAQ,2026-08-09,2575.67,2780.27,2659.82,110.3
Maharashtra,Raigad,Panvel,Tomato,Demo,FAQ,2026-08-16,2313.7,2591.15,2441.86,139.7
Maharashtra,Raigad,Panvel,Onion,Demo,FAQ,2026-08-16,2041.17,2273.67,2174.08,117.8
Maharashtra,Raigad,Panvel,Potato,Demo,FAQ,2026-08-16,1656.36,1909.35,1743.92,96.7
Maharashtra,Raigad,Panvel,Soyabean,Demo,FAQ,2026-08-16,4599.66,4789.65,4707.37,80.0
Maharashtra,Raigad,Panvel,Wheat,Demo,FAQ,2026-08-16,2589.89,2837.06,2715.92,81.7
Maharashtra,Raigad,Panvel,Tomato,Demo,FAQ,2026-08-23,2261.16,2473.37,2377.25,91.3
Maharashtra,Raigad,Panvel,Onion,Demo,FAQ,2026-08-23,2139.55,2342.44,2224.51,107.7
Maharashtra,Raigad,Panvel,Potato,Demo,FAQ,2026-08-23,1512.93,1763.53,1648.21,92.2
Maharashtra,Raigad,Panvel,Soyabean,Demo,FAQ,2026-08-23,4654.56,4834.83,4739.74,106.8
Maharashtra,Raigad,Panvel,Wheat,Demo,FAQ,2026-08-23,2490.23,2658.07,2577.35,139.6
Maharashtra,Raigad,Panvel,Tomato,Demo,FAQ,2026-08-30,2599.14,2901.93,2726.6,122.4
Maharashtra,Raigad,Panvel,Onion,Demo,FAQ,2026-08-30,2143.88,2367.5,2248.08,106.3
Maharashtra,Raigad,Panvel,Potato,Demo,FAQ,2026-08-30,1537.62,1794.58,1630.71,123.4
Maharashtra,Raigad,Panvel,Soyabean,Demo,FAQ,2026-08-30,4568.02,4804.15,4651.05,85.4
Maharashtra,Raigad,Panvel,Wheat,Demo,FAQ,2026-08-30,2373.89,2590.09,2453.36,93.0
Maharashtra,Raigad,Panvel,Rice,Demo,FAQ,2025-08-31,2442.13,2700.87,2553.66,126.0
Maharashtra,Raigad,Panvel,Rice,Demo,FAQ,2025-09-07,2390.82,2608.32,2471.06,164.8
Maharashtra,Raigad,Panvel,Rice,Demo,FAQ,2025-09-14,2320.84,2563.88,2408.34,148.5
Maharashtra,Raigad,Panvel,Rice,Demo,FAQ,2025-09-21,2402.15,2675.11,2513.5,179.5
Maharashtra,Raigad,Panvel,Rice,Demo,FAQ,2025-09-28,2487.23,2743.48,2645.53,157.9
Maharashtra,Raigad,Panvel,Rice,Demo,FAQ,2025-10-05,2513.29,2669.87,2595.83,130.6
Maharashtra,Raigad,Panvel,Rice,Demo,FAQ,2025-10-12,2713.04,2923.47,2818.3,131.5
Maharashtra,Raigad,Panvel,Rice,Demo,FAQ,2025-10-19,2699.0,2981.28,2825.18,144.8
Maharashtra,Raigad,Panvel,Rice,Demo,FAQ,2025-10-26,2351.88,2665.3,2513.9,183.1
Maharashtra,Raigad,Panvel,Rice,Demo,FAQ,2025-11-02,2579.97,2867.92,2731.81,156.8
Maharashtra,Raigad,Panvel,Rice,Demo,FAQ,2025-11-09,2695.31,2934.91,2806.35,141.5
Maharashtra,Raigad,Panvel,Rice,Demo,FAQ,2025-11-16,2752.95,3022.98,2875.2,185.1
Maharashtra,Raigad,Panvel,Rice,Demo,FAQ,2025-11-23,2620.89,2811.71,2709.02,160.8
Maharashtra,Raigad,Panvel,Rice,Demo,FAQ,2025-11-30,2617.04,2838.79,2763.33,157.5
Maharashtra,Raigad,Panvel,Rice,Demo,FAQ,2025-12-07,2818.47,3007.8,2902.72,136.0
Maharashtra,Raigad,Panvel,Rice,Demo,FAQ,2025-12-14,2641.91,2881.99,2800.58,137.5
Maharashtra,Raigad,Panvel,Rice,Demo,FAQ,2025-12-21,2694.39,2904.54,2776.5,173.9
Maharashtra,Raigad,Panvel,Rice,Demo,FAQ,2025-12-28,2747.4,2955.81,2872.23,134.0
Maharashtra,Raigad,Panvel,Rice,Demo,FAQ,2026-01-04,2560.29,2785.34,2666.6,131.8
Maharashtra,Raigad,Panvel,Rice,Demo,FAQ,2026-01-11,2561.1,2835.26,2676.64,104.9
Maharashtra,Raigad,Panvel,Rice,Demo,FAQ,2026-01-18,2601.32,2855.02,2752.3,184.1
Maharashtra,Raigad,Panvel,Rice,Demo,FAQ,2026-01-25,2558.45,2805.09,2649.68,110.6
Maharashtra,Raigad,Panvel,Rice,Demo,FAQ,2026-02-01,2425.51,2620.78,2537.32,145.9
Maharashtra,Raigad,Panvel,Rice,Demo,FAQ,2026-02-08,2467.85,2776.32,2616.0,112.3
Maharashtra,Raigad,Panvel,Rice,Demo,FAQ,2026-02-15,2486.34,2778.89,2617.32,110.5
Maharashtra,Raigad,Panvel,Rice,Demo,FAQ,2026-02-22,2391.0,2648.37,2508.59,166.2
Maharashtra,Raigad,Panvel,Rice,Demo,FAQ,2026-03-01,2312.79,2463.11,2390.88,130.5
Maharashtra,Raigad,Panvel,Rice,Demo,FAQ,2026-03-08,2263.86,2532.8,2388.0,160.9
Maharashtra,Raigad,Panvel,Rice,Demo,FAQ,2026-03-15,2227.73,2507.49,2383.15,138.1
Maharashtra,Raigad,Panvel,Rice,Demo,FAQ,2026-03-22,2256.86,2489.85,2375.91,109.0
Maharashtra,Raigad,Panvel,Rice,Demo,FAQ,2026-03-29,2254.51,2491.8,2332.32,162.5
Maharashtra,Raigad,Panvel,Rice,Demo,FAQ,2026-04-05,2270.84,2545.8,2425.24,129.1
Maharashtra,Raigad,Panvel,Rice,Demo,FAQ,2026-04-12,2147.34,2424.17,2293.6,156.1
Maharashtra,Raigad,Panvel,Rice,Demo,FAQ,2026-04-19,2047.65,2329.87,2190.3,115.4
Maharashtra,Raigad,Panvel,Rice,Demo,FAQ,2026-04-26,2164.45,2373.26,2264.91,115.8
Maharashtra,Raigad,Panvel,Rice,Demo,FAQ,2026-05-03,1998.23,2193.01,2103.86,160.3
Maharashtra,Raigad,Panvel,Rice,Demo,FAQ,2026-05-10,2008.31,2276.89,2136.24,127.9
Maharashtra,Raigad,Panvel,Rice,Demo,FAQ,2026-05-17,1958.76,2217.04,2085.55,134.2
Maharashtra,Raigad,Panvel,Rice,Demo,FAQ,2026-05-24,2229.89,2401.35,2321.11,88.5
Maharashtra,Raigad,Panvel,Rice,Demo,FAQ,2026-05-31,2027.21,2248.64,2139.62,119.2
Maharashtra,Raigad,Panvel,Rice,Demo,FAQ,2026-06-07,2190.14,2447.67,2307.36,110.2
Maharashtra,Raigad,Panvel,Rice,Demo,FAQ,2026-06-14,2188.84,2363.75,2285.77,138.1
Maharashtra,Raigad,Panvel,Rice,Demo,FAQ,2026-06-21,1991.66,2189.16,2101.11,115.8
Maharashtra,Raigad,Panvel,Rice,Demo,FAQ,2026-06-28,2155.78,2451.53,2290.39,113.2
Maharashtra,Raigad,Panvel,Rice,Demo,FAQ,2026-07-05,2212.48,2425.81,2315.7,96.8
Maharashtra,Raigad,Panvel,Rice,Demo,FAQ,2026-07-12,2158.34,2332.58,2257.65,75.8
Maharashtra,Raigad,Panvel,Rice,Demo,FAQ,2026-07-19,2178.68,2374.47,2268.2,119.9
Maharashtra,Raigad,Panvel,Rice,Demo,FAQ,2026-07-26,2333.57,2552.68,2435.25,94.0
Maharashtra,Raigad,Panvel,Rice,Demo,FAQ,2026-08-02,2400.07,2670.98,2515.69,89.7
Maharashtra,Raigad,Panvel,Rice,Demo,FAQ,2026-08-09,2369.61,2557.85,2447.03,114.6
Maharashtra,Raigad,Panvel,Rice,Demo,FAQ,2026-08-16,2382.69,2610.09,2498.65,87.9
Maharashtra,Raigad,Panvel,Rice,Demo,FAQ,2026-08-23,2291.01,2445.42,2371.16,118.6
Maharashtra,Raigad,Panvel,Rice,Demo,FAQ,2026-08-30,2183.98,2382.88,2257.1,118.6
Maharashtra,Raigad,Panvel,Cotton,Demo,FAQ,2025-08-31,6396.11,6778.9,6629.95,155.6
Maharashtra,Raigad,Panvel,Cotton,Demo,FAQ,2025-09-07,6263.91,6602.0,6408.58,141.0
Maharashtra,Raigad,Panvel,Cotton,Demo,FAQ,2025-09-14,6431.19,6740.03,6623.01,147.4
Maharashtra,Raigad,Panvel,Cotton,Demo,FAQ,2025-09-21,6063.36,6423.93,6276.13,145.3
Maharashtra,Raigad,Panvel,Cotton,Demo,FAQ,2025-09-28,6116.83,6461.32,6249.1,134.7
Maharashtra,Raigad,Panvel,Cotton,Demo,FAQ,2025-10-05,6105.87,6415.53,6290.35,148.8
Maharashtra,Raigad,Panvel,Cotton,Demo,FAQ,2025-10-12,6312.25,6698.61,6531.54,140.9
Maharashtra,Raigad,Panvel,Cotton,Demo,FAQ,2025-10-19,6241.15,6557.01,6428.51,167.4
Maharashtra,Raigad,Panvel,Cotton,Demo,FAQ,2025-10-26,6410.35,6791.33,6576.29,179.5
Maharashtra,Raigad,Panvel,Cotton,Demo,FAQ,2025-11-02,6281.88,6616.28,6484.9,147.1
Maharashtra,Raigad,Panvel,Cotton,Demo,FAQ,2025-11-09,6766.97,7084.24,6902.66,201.3
Maharashtra,Raigad,Panvel,Cotton,Demo,FAQ,2025-11-16,6201.47,6549.25,6358.61,160.7
Maharashtra,Raigad,Panvel,Cotton,Demo,FAQ,2025-11-23,6380.82,6782.67,6564.33,130.5
Maharashtra,Raigad,Panvel,Cotton,Demo,FAQ,2025-11-30,6296.09,6699.68,6532.33,134.9
Maharashtra,Raigad,Panvel,Cotton,Demo,FAQ,2025-12-07,6485.09,6868.11,6723.06,187.6
Maharashtra,Raigad,Panvel,Cotton,Demo,FAQ,2025-12-14,6314.84,6655.22,6524.88,171.9
Maharashtra,Raigad,Panvel,Cotton,Demo,FAQ,2025-12-21,6244.27,6611.06,6411.07,178.4
Maharashtra,Raigad,Panvel,Cotton,Demo,FAQ,2025-12-28,6667.23,6914.6,6789.74,112.4
Maharashtra,Raigad,Panvel,Cotton,Demo,FAQ,2026-01-04,6364.64,6727.14,6597.69,111.4
Maharashtra,Raigad,Panvel,Cotton,Demo,FAQ,2026-01-11,6094.9,6522.83,6300.43,142.0
Maharashtra,Raigad,Panvel,Cotton,Demo,FAQ,2026-01-18,6346.03,6605.99,6465.16,161.1
Maharashtra,Raigad,Panvel,Cotton,Demo,FAQ,2026-01-25,6069.65,6423.36,6195.72,179.5
Maharashtra,Raigad,Panvel,Cotton,Demo,FAQ,2026-02-01,6484.6,6823.96,6643.77,129.7
Maharashtra,Raigad,Panvel,Cotton,Demo,FAQ,2026-02-08,6307.65,6674.95,6526.47,107.6
Maharashtra,Raigad,Panvel,Cotton,Demo,FAQ,2026-02-15,6147.34,6563.86,6370.25,186.1
Maharashtra,Raigad,Panvel,Cotton,Demo,FAQ,2026-02-22,6062.74,6497.2,6282.47,171.1
Maharashtra,Raigad,Panvel,Cotton,Demo,FAQ,2026-03-01,5916.87,6338.19,6122.99,201.2
Maharashtra,Raigad,Panvel,Cotton,Demo,FAQ,2026-03-08,5833.28,6257.53,6051.89,132.8
Maharashtra,Raigad,Panvel,Cotton,Demo,FAQ,2026-03-15,5925.76,6271.46,6131.57,204.7
Maharashtra,Raigad,Panvel,Cotton,Demo,FAQ,2026-03-22,6205.56,6521.44,6360.35,173.7
Maharashtra,Raigad,Panvel,Cotton,Demo,FAQ,2026-03-29,5801.92,6037.07,5923.31,196.7
Maharashtra,Raigad,Panvel,Cotton,Demo,FAQ,2026-04-05,6016.08,6419.84,6190.16,140.6
Maharashtra,Raigad,Panvel,Cotton,Demo,FAQ,2026-04-12,5936.25,6256.54,6120.54,159.4
Maharashtra,Raigad,Panvel,Cotton,Demo,FAQ,2026-04-19,6005.58,6300.05,6174.71,183.0
Maharashtra,Raigad,Panvel,Cotton,Demo,FAQ,2026-04-26,5881.16,6276.58,6060.06,173.7
Maharashtra,Raigad,Panvel,Cotton,Demo,FAQ,2026-05-03,5813.79,6232.55,5995.2,111.6
Maharashtra,Raigad,Panvel,Cotton,Demo,FAQ,2026-05-10,5772.36,6115.51,5981.77,133.7
Maharashtra,Raigad,Panvel,Cotton,Demo,FAQ,2026-05-17,5776.6,6141.7,5998.29,116.4
Maharashtra,Raigad,Panvel,Cotton,Demo,FAQ,2026-05-24,5716.47,6081.79,5929.7,131.8
Maharashtra,Raigad,Panvel,Cotton,Demo,FAQ,2026-05-31,5948.84,6316.12,6128.02,146.1
Maharashtra,Raigad,Panvel,Cotton,Demo,FAQ,2026-06-07,5702.22,6060.55,5932.57,82.4
Maharashtra,Raigad,Panvel,Cotton,Demo,FAQ,2026-06-14,5884.59,6267.84,6102.95,138.1
Maharashtra,Raigad,Panvel,Cotton,Demo,FAQ,2026-06-21,5794.0,6207.08,6007.09,96.6
Maharashtra,Raigad,Panvel,Cotton,Demo,FAQ,2026-06-28,5651.85,5989.13,5854.8,95.9
Maharashtra,Raigad,Panvel,Cotton,Demo,FAQ,2026-07-05,5908.34,6213.29,6047.03,122.5
Maharashtra,Raigad,Panvel,Cotton,Demo,FAQ,2026-07-12,5885.22,6277.37,6057.82,126.6
Maharashtra,Raigad,Panvel,Cotton,Demo,FAQ,2026-07-19,6110.83,6447.12,6218.55,93.9
Maharashtra,Raigad,Panvel,Cotton,Demo,FAQ,2026-07-26,6047.34,6323.94,6158.8,135.7
Maharashtra,Raigad,Panvel,Cotton,Demo,FAQ,2026-08-02,6077.72,6409.93,6226.34,85.6
Maharashtra,Raigad,Panvel,Cotton,Demo,FAQ,2026-08-09,5981.58,6309.58,6133.11,95.1
Maharashtra,Raigad,Panvel,Cotton,Demo,FAQ,2026-08-16,6209.54,6466.03,6354.95,126.6
Maharashtra,Raigad,Panvel,Cotton,Demo,FAQ,2026-08-23,6283.65,6527.02,6398.65,120.5
Maharashtra,Raigad,Panvel,Cotton,Demo,FAQ,2026-08-30,6166.82,6485.6,6278.92,91.1
Maharashtra,Raigad,Panvel,Tur,Demo,FAQ,2025-08-31,7343.68,7783.17,7612.17,151.8
Maharashtra,Raigad,Panvel,Tur,Demo,FAQ,2025-09-07,7191.89,7580.06,7358.01,104.2
Maharashtra,Raigad,Panvel,Tur,Demo,FAQ,2025-09-14,7383.97,7738.55,7604.19,174.3
Maharashtra,Raigad,Panvel,Tur,Demo,FAQ,2025-09-21,6961.64,7375.63,7205.92,172.0
Maharashtra,Raigad,Panvel,Tur,Demo,FAQ,2025-09-28,7023.02,7418.55,7174.89,170.0
Maharashtra,Raigad,Panvel,Tur,Demo,FAQ,2025-10-05,7010.44,7365.98,7222.26,107.9
Maharashtra,Raigad,Panvel,Tur,Demo,FAQ,2025-10-12,7247.39,7691.0,7499.19,123.4
Maharashtra,Raigad,Panvel,Tur,Demo,FAQ,2025-10-19,7165.76,7528.42,7380.88,175.7
Maharashtra,Raigad,Panvel,Tur,Demo,FAQ,2025-10-26,7360.03,7797.45,7550.56,189.1
Maharashtra,Raigad,Panvel,Tur,Demo,FAQ,2025-11-02,7212.54,7596.47,7445.64,164.1
Maharashtra,Raigad,Panvel,Tur,Demo,FAQ,2025-11-09,7769.49,8133.76,7925.28,154.9
Maharashtra,Raigad,Panvel,Tur,Demo,FAQ,2025-11-16,7120.21,7519.5,7300.64,192.4
Maharashtra,Raigad,Panvel,Tur,Demo,FAQ,2025-11-23,7326.12,7787.5,7536.83,108.8
Maharashtra,Raigad,Panvel,Tur,Demo,FAQ,2025-11-30,7228.84,7692.24,7500.08,181.4
Maharashtra,Raigad,Panvel,Tur,Demo,FAQ,2025-12-07,7445.85,7885.62,7719.07,164.1
Maharashtra,Raigad,Panvel,Tur,Demo,FAQ,2025-12-14,7250.37,7641.18,7491.52,176.5
Maharashtra,Raigad,Panvel,Tur,Demo,FAQ,2025-12-21,7169.35,7590.47,7360.86,105.9
Maharashtra,Raigad,Panvel,Tur,Demo,FAQ,2025-12-28,7654.97,7938.98,7795.63,98.3
Maharashtra,Raigad,Panvel,Tur,Demo,FAQ,2026-01-04,7307.55,7723.75,7575.14,111.4
Maharashtra,Raigad,Panvel,Tur,Demo,FAQ,2026-01-11,6997.85,7489.17,7233.83,142.0
Maharashtra,Raigad,Panvel,Tur,Demo,FAQ,2026-01-18,7286.18,7584.65,7422.96,118.3
Maharashtra,Raigad,Panvel,Tur,Demo,FAQ,2026-01-25,6968.85,7374.97,7113.59,111.7
Maharashtra,Raigad,Panvel,Tur,Demo,FAQ,2026-02-01,7445.29,7834.91,7628.04,154.0
Maharashtra,Raigad,Panvel,Tur,Demo,FAQ,2026-02-08,7242.12,7663.83,7493.34,184.4
Maharashtra,Raigad,Panvel,Tur,Demo,FAQ,2026-02-15,7058.07,7536.29,7314.0,150.1
Maharashtra,Raigad,Panvel,Tur,Demo,FAQ,2026-02-22,6960.92,7459.75,7213.2,180.8
Maharashtra,Raigad,Panvel,Tur,Demo,FAQ,2026-03-01,6793.44,7277.18,7030.1,140.2
Maharashtra,Raigad,Panvel,Tur,Demo,FAQ,2026-03-08,6697.47,7184.57,6948.46,115.8
Maharashtra,Raigad,Panvel,Tur,Demo,FAQ,2026-03-15,6803.65,7200.56,7039.94,123.6
Maharashtra,Raigad,Panvel,Tur,Demo,FAQ,2026-03-22,7124.9,7487.57,7302.63,110.2
Maharashtra,Raigad,Panvel,Tur,Demo,FAQ,2026-03-29,6661.47,6931.45,6800.84,150.8
Maharashtra,Raigad,Panvel,Tur,Demo,FAQ,2026-04-05,6907.35,7370.93,7107.21,166.0
Maharashtra,Raigad,Panvel,Tur,Demo,FAQ,2026-04-12,6815.69,7183.43,7027.29,117.9
Maharashtra,Raigad,Panvel,Tur,Demo,FAQ,2026-04-19,6895.29,7233.39,7089.48,175.3
Maharashtra,Raigad,Panvel,Tur,Demo,FAQ,2026-04-26,6752.44,7206.44,6957.84,141.1
Maharashtra,Raigad,Panvel,Tur,Demo,FAQ,2026-05-03,6675.09,7155.89,6883.38,164.4
Maharashtra,Raigad,Panvel,Tur,Demo,FAQ,2026-05-10,6627.51,7021.51,6867.96,92.7
Maharashtra,Raigad,Panvel,Tur,Demo,FAQ,2026-05-17,6632.4,7051.58,6886.92,103.2
Maharashtra,Raigad,Panvel,Tur,Demo,FAQ,2026-05-24,6563.35,6982.79,6808.18,130.9
Maharashtra,Raigad,Panvel,Tur,Demo,FAQ,2026-05-31,6830.15,7251.84,7035.87,104.4
Maharashtra,Raigad,Panvel,Tur,Demo,FAQ,2026-06-07,6547.0,6958.4,6811.47,82.4
Maharashtra,Raigad,Panvel,Tur,Demo,FAQ,2026-06-14,6756.37,7196.39,7007.09,121.7
Maharashtra,Raigad,Panvel,Tur,Demo,FAQ,2026-06-21,6652.37,7126.65,6897.02,91.0
Maharashtra,Raigad,Panvel,Tur,Demo,FAQ,2026-06-28,6489.15,6876.41,6722.18,88.8
Maharashtra,Raigad,Panvel,Tur,Demo,FAQ,2026-07-05,6783.66,7133.77,6942.89,119.4
Maharashtra,Raigad,Panvel,Tur,Demo,FAQ,2026-07-12,6757.1,7207.35,6955.28,108.6
Maharashtra,Raigad,Panvel,Tur,Demo,FAQ,2026-07-19,7016.14,7402.24,7139.82,120.7
Maharashtra,Raigad,Panvel,Tur,Demo,FAQ,2026-07-26,6943.24,7260.82,7071.22,113.2
Maharashtra,Raigad,Panvel,Tur,Demo,FAQ,2026-08-02,6978.13,7359.54,7148.77,126.8
Maharashtra,Raigad,Panvel,Tur,Demo,FAQ,2026-08-09,6867.73,7244.34,7041.72,95.9
Maharashtra,Raigad,Panvel,Tur,Demo,FAQ,2026-08-16,7129.47,7423.96,7296.42,142.4
Maharashtra,Raigad,Panvel,Tur,Demo,FAQ,2026-08-23,7214.56,7493.98,7346.6,150.6
Maharashtra,Raigad,Panvel,Tur,Demo,FAQ,2026-08-30,7080.42,7446.42,7209.12,131.0
Maharashtra,Raigad,Panvel,Bajra,Demo,FAQ,2025-08-31,2335.95,2583.44,2442.64,136.5
Maharashtra,Raigad,Panvel,Bajra,Demo,FAQ,2025-09-07,2286.87,2494.91,2363.62,100.3
Maharashtra,Raigad,Panvel,Bajra,Demo,FAQ,2025-09-14,2219.93,2452.41,2303.64,159.8
Maharashtra,Raigad,Panvel,Bajra,Demo,FAQ,2025-09-21,2297.71,2558.8,2404.22,163.5
Maharashtra,Raigad,Panvel,Bajra,Demo,FAQ,2025-09-28,2379.1,2624.2,2530.51,186.6
Maharashtra,Raigad,Panvel,Bajra,Demo,FAQ,2025-10-05,2404.02,2553.79,2482.97,187.5
Maharashtra,Raigad,Panvel,Bajra,Demo,FAQ,2025-10-12,2595.08,2796.36,2695.76,116.4
Maharashtra,Raigad,Panvel,Bajra,Demo,FAQ,2025-10-19,2581.64,2851.65,2702.35,165.0
Maharashtra,Raigad,Panvel,Bajra,Demo,FAQ,2025-10-26,2249.62,2549.41,2404.6,180.7
Maharashtra,Raigad,Panvel,Bajra,Demo,FAQ,2025-11-02,2467.8,2743.23,2613.03,132.5
Maharashtra,Raigad,Panvel,Bajra,Demo,FAQ,2025-11-09,2578.13,2807.31,2684.33,204.9
Maharashtra,Raigad,Panvel,Bajra,Demo,FAQ,2025-11-16,2633.25,2891.54,2750.19,154.6
Maharashtra,Raigad,Panvel,Bajra,Demo,FAQ,2025-11-23,2506.95,2689.46,2591.25,135.4
Maharashtra,Raigad,Panvel,Bajra,Demo,FAQ,2025-11-30,2503.25,2715.36,2643.18,121.7
Maharashtra,Raigad,Panvel,Bajra,Demo,FAQ,2025-12-07,2695.93,2877.02,2776.52,170.0
Maharashtra,Raigad,Panvel,Bajra,Demo,FAQ,2025-12-14,2527.05,2756.69,2678.81,159.3
Maharashtra,Raigad,Panvel,Bajra,Demo,FAQ,2025-12-21,2577.24,2778.26,2655.78,140.5
Maharashtra,Raigad,Panvel,Bajra,Demo,FAQ,2025-12-28,2627.95,2827.29,2747.35,144.8
Maharashtra,Raigad,Panvel,Bajra,Demo,FAQ,2026-01-04,2448.97,2664.24,2550.66,98.1
Maharashtra,Raigad,Panvel,Bajra,Demo,FAQ,2026-01-11,2449.76,2711.99,2560.27,99.6
Maharashtra,Raigad,Panvel,Bajra,Demo,FAQ,2026-01-18,2488.22,2730.9,2632.64,105.2
Maharashtra,Raigad,Panvel,Bajra,Demo,FAQ,2026-01-25,2447.21,2683.13,2534.48,129.8
Maharashtra,Raigad,Panvel,Bajra,Demo,FAQ,2026-02-01,2320.05,2506.84,2427.0,185.3
Maharashtra,Raigad,Panvel,Bajra,Demo,FAQ,2026-02-08,2360.55,2655.61,2502.26,190.3
Maharashtra,Raigad,Panvel,Bajra,Demo,FAQ,2026-02-15,2378.24,2658.06,2503.52,141.7
Maharashtra,Raigad,Panvel,Bajra,Demo,FAQ,2026-02-22,2287.05,2533.22,2399.52,179.6
Maharashtra,Raigad,Panvel,Bajra,Demo,FAQ,2026-03-01,2212.23,2356.02,2286.93,185.4
Maharashtra,Raigad,Panvel,Bajra,Demo,FAQ,2026-03-08,2165.43,2422.68,2284.17,204.8
Maharashtra,Raigad,Panvel,Bajra,Demo,FAQ,2026-03-15,2130.87,2398.46,2279.54,134.5
Maharashtra,Raigad,Panvel,Bajra,Demo,FAQ,2026-03-22,2158.73,2381.6,2272.61,135.3
Maharashtra,Raigad,Panvel,Bajra,Demo,FAQ,2026-03-29,2156.48,2383.46,2230.92,144.9
Maharashtra,Raigad,Panvel,Bajra,Demo,FAQ,2026-04-05,2172.1,2435.1,2319.79,144.1
Maharashtra,Raigad,Panvel,Bajra,Demo,FAQ,2026-04-12,2053.98,2318.77,2193.88,139.2
Maharashtra,Raigad,Panvel,Bajra,Demo,FAQ,2026-04-19,1958.62,2228.57,2095.07,123.1
Maharashtra,Raigad,Panvel,Bajra,Demo,FAQ,2026-04-26,2070.34,2270.07,2166.44,103.2
Maharashtra,Raigad,Panvel,Bajra,Demo,FAQ,2026-05-03,1911.35,2097.67,2012.39,170.5
Maharashtra,Raigad,Panvel,Bajra,Demo,FAQ,2026-05-10,1921.0,2177.89,2043.36,90.8
Maharashtra,Raigad,Panvel,Bajra,Demo,FAQ,2026-05-17,1873.59,2120.65,1994.87,156.7
Maharashtra,Raigad,Panvel,Bajra,Demo,FAQ,2026-05-24,2132.94,2296.95,2220.2,134.5
Maharashtra,Raigad,Panvel,Bajra,Demo,FAQ,2026-05-31,1939.07,2150.86,2046.59,120.0
Maharashtra,Raigad,Panvel,Bajra,Demo,FAQ,2026-06-07,2094.92,2341.24,2207.05,113.5
Maharashtra,Raigad,Panvel,Bajra,Demo,FAQ,2026-06-14,2093.67,2260.98,2186.39,120.1
Maharashtra,Raigad,Panvel,Bajra,Demo,FAQ,2026-06-21,1905.07,2093.99,2009.75,107.8
Maharashtra,Raigad,Panvel,Bajra,Demo,FAQ,2026-06-28,2062.06,2344.94,2190.81,71.5
Maharashtra,Raigad,Panvel,Bajra,Demo,FAQ,2026-07-05,2116.29,2320.34,2215.03,90.5
Maharashtra,Raigad,Panvel,Bajra,Demo,FAQ,2026-07-12,2064.5,2231.16,2159.49,78.9
Maharashtra,Raigad,Panvel,Bajra,Demo,FAQ,2026-07-19,2083.95,2271.24,2169.58,106.5
Maharashtra,Raigad,Panvel,Bajra,Demo,FAQ,2026-07-26,2232.11,2441.7,2329.37,95.6
Maharashtra,Raigad,Panvel,Bajra,Demo,FAQ,2026-08-02,2295.72,2554.85,2406.31,117.7
Maharashtra,Raigad,Panvel,Bajra,Demo,FAQ,2026-08-09,2266.58,2446.64,2340.64,78.9
Maharashtra,Raigad,Panvel,Bajra,Demo,FAQ,2026-08-16,2279.1,2496.61,2390.01,127.4
Maharashtra,Raigad,Panvel,Bajra,Demo,FAQ,2026-08-23,2191.4,2339.1,2268.07,91.3
Maharashtra,Raigad,Panvel,Bajra,Demo,FAQ,2026-08-30,2089.03,2279.28,2158.96,135.7
Maharashtra,Raigad,Panvel,Jowar,Demo,FAQ,2025-08-31,2389.03,2642.16,2498.15,85.9
Maharashtra,Raigad,Panvel,Jowar,Demo,FAQ,2025-09-07,2338.85,2551.62,2417.35,90.3
Maharashtra,Raigad,Panvel,Jowar,Demo,FAQ,2025-09-14,2270.39,2508.14,2355.99,105.2
Maharashtra,Raigad,Panvel,Jowar,Demo,FAQ,2025-09-21,2349.93,2616.95,2458.87,133.6
Maharashtra,Raigad,Panvel,Jowar,Demo,FAQ,2025-09-28,2433.16,2683.84,2588.01,117.0
Maharashtra,Raigad,Panvel,Jowar,Demo,FAQ,2025-10-05,2458.65,2611.83,2539.41,175.0
Maharashtra,Raigad,Panvel,Jowar,Demo,FAQ,2025-10-12,2654.07,2859.91,2757.03,183.9
Maharashtra,Raigad,Panvel,Jowar,Demo,FAQ,2025-10-19,2640.32,2916.46,2763.77,162.6
Maharashtra,Raigad,Panvel,Jowar,Demo,FAQ,2025-10-26,2300.75,2607.35,2459.24,172.2
Maharashtra,Raigad,Panvel,Jowar,Demo,FAQ,2025-11-02,2523.88,2805.57,2672.42,168.9
Maharashtra,Raigad,Panvel,Jowar,Demo,FAQ,2025-11-09,2636.72,2871.12,2745.34,168.3
Maharashtra,Raigad,Panvel,Jowar,Demo,FAQ,2025-11-16,2693.1,2957.26,2812.7,109.6
Maharashtra,Raigad,Panvel,Jowar,Demo,FAQ,2025-11-23,2563.92,2750.59,2650.14,201.9
Maharashtra,Raigad,Panvel,Jowar,Demo,FAQ,2025-11-30,2560.14,2777.08,2703.25,201.7
Maharashtra,Raigad,Panvel,Jowar,Demo,FAQ,2025-12-07,2757.2,2942.4,2839.62,153.6
Maharashtra,Raigad,Panvel,Jowar,Demo,FAQ,2025-12-14,2584.48,2819.34,2739.7,190.2
Maharashtra,Raigad,Panvel,Jowar,Demo,FAQ,2025-12-21,2635.82,2841.4,2716.14,131.6
Maharashtra,Raigad,Panvel,Jowar,Demo,FAQ,2025-12-28,2687.67,2891.55,2809.8,144.8
Maharashtra,Raigad,Panvel,Jowar,Demo,FAQ,2026-01-04,2504.63,2724.79,2608.63,126.7
Maharashtra,Raigad,Panvel,Jowar,Demo,FAQ,2026-01-11,2505.43,2773.63,2618.45,140.9
Maharashtra,Raigad,Panvel,Jowar,Demo,FAQ,2026-01-18,2544.78,2792.96,2692.47,174.2
Maharashtra,Raigad,Panvel,Jowar,Demo,FAQ,2026-01-25,2502.82,2744.12,2592.07,178.3
Maharashtra,Raigad,Panvel,Jowar,Demo,FAQ,2026-02-01,2372.79,2563.82,2482.16,126.2
Maharashtra,Raigad,Panvel,Jowar,Demo,FAQ,2026-02-08,2414.19,2715.97,2559.13,146.6
Maharashtra,Raigad,Panvel,Jowar,Demo,FAQ,2026-02-15,2432.29,2718.47,2560.42,183.7
Maharashtra,Raigad,Panvel,Jowar,Demo,FAQ,2026-02-22,2339.02,2590.8,2454.06,145.6
Maharashtra,Raigad,Panvel,Jowar,Demo,FAQ,2026-03-01,2262.52,2409.57,2338.91,202.4
Maharashtra,Raigad,Panvel,Jowar,Demo,FAQ,2026-03-08,2214.64,2477.74,2336.08,196.2
Maharashtra,Raigad,Panvel,Jowar,Demo,FAQ,2026-03-15,2179.29,2452.98,2331.35,113.9
Maharashtra,Raigad,Panvel,Jowar,Demo,FAQ,2026-03-22,2207.79,2435.72,2324.27,135.3
Maharashtra,Raigad,Panvel,Jowar,Demo,FAQ,2026-03-29,2205.49,2437.63,2281.62,109.5
Maharashtra,Raigad,Panvel,Jowar,Demo,FAQ,2026-04-05,2221.46,2490.45,2372.51,174.0
Maharashtra,Raigad,Panvel,Jowar,Demo,FAQ,2026-04-12,2100.66,2371.47,2243.74,163.9
Maharashtra,Raigad,Panvel,Jowar,Demo,FAQ,2026-04-19,2003.14,2279.23,2142.69,171.0
Maharashtra,Raigad,Panvel,Jowar,Demo,FAQ,2026-04-26,2117.39,2321.66,2215.67,123.2
Maharashtra,Raigad,Panvel,Jowar,Demo,FAQ,2026-05-03,1954.8,2145.34,2058.13,123.8
Maharashtra,Raigad,Panvel,Jowar,Demo,FAQ,2026-05-10,1964.66,2227.39,2089.8,158.1
Maharashtra,Raigad,Panvel,Jowar,Demo,FAQ,2026-05-17,1916.17,2168.85,2040.2,97.6
Maharashtra,Raigad,Panvel,Jowar,Demo,FAQ,2026-05-24,2181.41,2349.16,2270.66,141.7
Maharashtra,Raigad,Panvel,Jowar,Demo,FAQ,2026-05-31,1983.14,2199.76,2093.11,87.0
Maharashtra,Raigad,Panvel,Jowar,Demo,FAQ,2026-06-07,2142.52,2394.45,2257.2,129.5
Maharashtra,Raigad,Panvel,Jowar,Demo,FAQ,2026-06-14,2141.26,2312.37,2236.09,125.8
Maharashtra,Raigad,Panvel,Jowar,Demo,FAQ,2026-06-21,1948.37,2141.57,2055.43,97.4
Maharashtra,Raigad,Panvel,Jowar,Demo,FAQ,2026-06-28,2108.92,2398.24,2240.59,95.1
Maharashtra,Raigad,Panvel,Jowar,Demo,FAQ,2026-07-05,2164.38,2373.07,2265.37,101.5
Maharashtra,Raigad,Panvel,Jowar,Demo,FAQ,2026-07-12,2111.42,2281.87,2208.57,94.5
Maharashtra,Raigad,Panvel,Jowar,Demo,FAQ,2026-07-19,2131.31,2322.85,2218.9,116.8
Maharashtra,Raigad,Panvel,Jowar,Demo,FAQ,2026-07-26,2282.84,2497.19,2382.31,100.4
Maharashtra,Raigad,Panvel,Jowar,Demo,FAQ,2026-08-02,2347.89,2612.92,2461.0,78.2
Maharashtra,Raigad,Panvel,Jowar,Demo,FAQ,2026-08-09,2318.1,2502.24,2393.84,127.3
Maharashtra,Raigad,Panvel,Jowar,Demo,FAQ,2026-08-16,2330.9,2553.35,2444.34,126.6
Maharashtra,Raigad,Panvel,Jowar,Demo,FAQ,2026-08-23,2241.21,2392.27,2319.62,92.2
Maharashtra,Raigad,Panvel,Jowar,Demo,FAQ,2026-08-30,2136.51,2331.08,2208.03,126.2
Maharashtra,Thane,Vashi,Tomato,Demo,FAQ,2025-08-31,2655.08,2930.07,2747.19,123.1
Maharashtra,Thane,Vashi,Onion,Demo,FAQ,2025-08-31,2162.95,2458.17,2330.1,153.7
Maharashtra,Thane,Vashi,Potato,Demo,FAQ,2025-08-31,1746.39,2103.16,1928.77,128.9
Maharashtra,Thane,Vashi,Soyabean,Demo,FAQ,2025-08-31,4979.59,5277.6,5161.64,117.4
Maharashtra,Thane,Vashi,Wheat,Demo,FAQ,2025-08-31,2789.92,3085.51,2917.34,106.9
Maharashtra,Thane,Vashi,Tomato,Demo,FAQ,2025-09-07,2672.77,2872.55,2769.56,95.3
Maharashtra,Thane,Vashi,Onion,Demo,FAQ,2025-09-07,2177.08,2368.08,2273.88,107.2
Maharashtra,Thane,Vashi,Potato,Demo,FAQ,2025-09-07,2018.05,2217.33,2131.76,105.2
Maharashtra,Thane,Vashi,Soyabean,Demo,FAQ,2025-09-07,4876.66,5139.88,4989.3,119.1
Maharashtra,Thane,Vashi,Wheat,Demo,FAQ,2025-09-07,2731.3,2979.78,2822.97,160.8
Maharashtra,Thane,Vashi,Tomato,Demo,FAQ,2025-09-14,2566.63,2827.4,2680.08,158.8
Maharashtra,Thane,Vashi,Onion,Demo,FAQ,2025-09-14,2154.29,2499.12,2336.51,141.3
Maharashtra,Thane,Vashi,Potato,Demo,FAQ,2025-09-14,1746.84,2002.81,1860.76,153.6
Maharashtra,Thane,Vashi,Soyabean,Demo,FAQ,2025-09-14,5006.9,5247.34,5156.23,172.2
Maharashtra,Thane,Vashi,Wheat,Demo,FAQ,2025-09-14,2651.35,2929.01,2751.33,110.3
Maharashtra,Thane,Vashi,Tomato,Demo,FAQ,2025-09-21,2669.53,2892.98,2760.45,146.4
Maharashtra,Thane,Vashi,Onion,Demo,FAQ,2025-09-21,2233.76,2445.99,2361.37,115.4
Maharashtra,Thane,Vashi,Potato,Demo,FAQ,2025-09-21,1939.78,2258.63,2097.06,161.3
Maharashtra,Thane,Vashi,Soyabean,Demo,FAQ,2025-09-21,4720.53,5001.25,4886.18,129.3
Maharashtra,Thane,Vashi,Wheat,Demo,FAQ,2025-09-21,2744.25,3056.08,2871.46,124.0
Maharashtra,Thane,Vashi,Tomato,Demo,FAQ,2025-09-28,2626.34,2897.78,2776.89,128.1
Maharashtra,Thane,Vashi,Onion,Demo,FAQ,2025-09-28,2555.63,2754.68,2653.82,133.6
Maharashtra,Thane,Vashi,Potato,Demo,FAQ,2025-09-28,2033.92,2214.97,2131.14,175.5
Maharashtra,Thane,Vashi,Soyabean,Demo,FAQ,2025-09-28,4762.15,5030.36,4865.13,118.1
Maharashtra,Thane,Vashi,Wheat,Demo,FAQ,2025-09-28,2841.45,3134.19,3022.29,153.4
Maharashtra,Thane,Vashi,Tomato,Demo,FAQ,2025-10-05,2622.34,2948.06,2804.27,114.7
Maharashtra,Thane,Vashi,Onion,Demo,FAQ,2025-10-05,2212.47,2483.3,2376.94,179.5
Maharashtra,Thane,Vashi,Potato,Demo,FAQ,2025-10-05,2147.42,2468.71,2296.96,140.9
Maharashtra,Thane,Vashi,Soyabean,Demo,FAQ,2025-10-05,4753.63,4994.71,4897.25,138.6
Maharashtra,Thane,Vashi,Wheat,Demo,FAQ,2025-10-05,2871.22,3050.1,2965.51,122.7
Maharashtra,Thane,Vashi,Tomato,Demo,FAQ,2025-10-12,2709.28,3016.17,2843.64,190.9
Maharashtra,Thane,Vashi,Onion,Demo,FAQ,2025-10-12,2451.39,2659.74,2538.86,156.0
Maharashtra,Thane,Vashi,Potato,Demo,FAQ,2025-10-12,2121.43,2480.1,2296.8,172.3
Maharashtra,Thane,Vashi,Soyabean,Demo,FAQ,2025-10-12,4914.29,5215.1,5085.03,179.3
Maharashtra,Thane,Vashi,Wheat,Demo,FAQ,2025-10-12,3099.41,3339.81,3219.67,165.3
Maharashtra,Thane,Vashi,Tomato,Demo,FAQ,2025-10-19,2919.66,3173.43,3035.87,156.7
Maharashtra,Thane,Vashi,Onion,Demo,FAQ,2025-10-19,2531.83,2789.04,2635.08,123.5
Maharashtra,Thane,Vashi,Potato,Demo,FAQ,2025-10-19,2014.32,2360.38,2195.49,163.8
Maharashtra,Thane,Vashi,Soyabean,Demo,FAQ,2025-10-19,4858.94,5104.86,5004.81,174.5
Maharashtra,Thane,Vashi,Wheat,Demo,FAQ,2025-10-19,3083.37,3405.85,3227.53,154.3
Maharashtra,Thane,Vashi,Tomato,Demo,FAQ,2025-10-26,2824.34,3116.04,2941.1,138.5
Maharashtra,Thane,Vashi,Onion,Demo,FAQ,2025-10-26,2527.6,2776.98,2655.1,150.5
Maharashtra,Thane,Vashi,Potato,Demo,FAQ,2025-10-26,2230.45,2567.16,2386.79,112.0
Maharashtra,Thane,Vashi,Soyabean,Demo,FAQ,2025-10-26,4990.67,5287.28,5119.86,187.9
Maharashtra,Thane,Vashi,Wheat,Demo,FAQ,2025-10-26,2686.82,3044.87,2871.91,199.9
Maharashtra,Thane,Vashi,Tomato,Demo,FAQ,2025-11-02,2814.5,3018.84,2921.7,155.6
Maharashtra,Thane,Vashi,Onion,Demo,FAQ,2025-11-02,2504.91,2814.67,2649.72,165.3
Maharashtra,Thane,Vashi,Potato,Demo,FAQ,2025-11-02,2204.1,2459.35,2372.81,192.0
Maharashtra,Thane,Vashi,Soyabean,Demo,FAQ,2025-11-02,4890.66,5151.0,5048.72,110.6
Maharashtra,Thane,Vashi,Wheat,Demo,FAQ,2025-11-02,2947.39,3276.35,3120.86,177.5
Maharashtra,Thane,Vashi,Tomato,Demo,FAQ,2025-11-09,2703.76,2942.47,2845.12,186.6
Maharashtra,Thane,Vashi,Onion,Demo,FAQ,2025-11-09,2472.13,2730.91,2606.9,123.2
Maharashtra,Thane,Vashi,Potato,Demo,FAQ,2025-11-09,2143.91,2416.49,2291.68,139.1
Maharashtra,Thane,Vashi,Soyabean,Demo,FAQ,2025-11-09,5268.32,5515.32,5373.95,151.3
Maharashtra,Thane,Vashi,Wheat,Demo,FAQ,2025-11-09,3079.16,3352.89,3206.01,204.9
Maharashtra,Thane,Vashi,Tomato,Demo,FAQ,2025-11-16,2691.48,2971.06,2856.27,121.8
Maharashtra,Thane,Vashi,Onion,Demo,FAQ,2025-11-16,2416.13,2633.16,2532.96,168.0
Maharashtra,Thane,Vashi,Potato,Demo,FAQ,2025-11-16,2225.69,2464.7,2369.98,160.7
Maharashtra,Thane,Vashi,Soyabean,Demo,FAQ,2025-11-16,4828.05,5098.81,4950.4,137.6
Maharashtra,Thane,Vashi,Wheat,Demo,FAQ,2025-11-16,3145.0,3453.49,3284.67,136.4
Maharashtra,Thane,Vashi,Tomato,Demo,FAQ,2025-11-23,2783.69,3012.35,2914.43,170.4
Maharashtra,Thane,Vashi,Onion,Demo,FAQ,2025-11-23,2582.17,2806.44,2715.38,131.8
Maharashtra,Thane,Vashi,Potato,Demo,FAQ,2025-11-23,2169.49,2427.62,2289.65,183.7
Maharashtra,Thane,Vashi,Soyabean,Demo,FAQ,2025-11-23,4967.68,5280.53,5110.55,140.2
Maharashtra,Thane,Vashi,Wheat,Demo,FAQ,2025-11-23,2994.15,3212.14,3094.83,140.2
Maharashtra,Thane,Vashi,Tomato,Demo,FAQ,2025-11-30,2764.54,3030.38,2875.57,195.7
Maharashtra,Thane,Vashi,Onion,Demo,FAQ,2025-11-30,2095.5,2440.06,2277.11,118.2
Maharashtra,Thane,Vashi,Potato,Demo,FAQ,2025-11-30,2281.31,2577.2,2465.11,146.8
Maharashtra,Thane,Vashi,Soyabean,Demo,FAQ,2025-11-30,4901.72,5215.93,5085.64,175.4
Maharashtra,Thane,Vashi,Wheat,Demo,FAQ,2025-11-30,2989.74,3243.07,3156.86,151.6
Maharashtra,Thane,Vashi,Tomato,Demo,FAQ,2025-12-07,2623.45,2946.9,2782.02,134.8
Maharashtra,Thane,Vashi,Onion,Demo,FAQ,2025-12-07,2410.67,2619.86,2496.12,150.1
Maharashtra,Thane,Vashi,Potato,Demo,FAQ,2025-12-07,2070.41,2336.91,2213.62,193.4
Maharashtra,Thane,Vashi,Soyabean,Demo,FAQ,2025-12-07,5048.86,5347.06,5234.13,185.2
Maharashtra,Thane,Vashi,Wheat,Demo,FAQ,2025-12-07,3219.86,3436.14,3316.11,162.9
Maharashtra,Thane,Vashi,Tomato,Demo,FAQ,2025-12-14,2654.53,2995.58,2835.72,153.5
Maharashtra,Thane,Vashi,Onion,Demo,FAQ,2025-12-14,2343.28,2645.38,2502.14,169.6
Maharashtra,Thane,Vashi,Potato,Demo,FAQ,2025-12-14,2165.11,2469.31,2305.35,173.0
Maharashtra,Thane,Vashi,Soyabean,Demo,FAQ,2025-12-14,4916.31,5181.31,5079.84,115.7
Maharashtra,Thane,Vashi,Wheat,Demo,FAQ,2025-12-14,3018.16,3292.43,3199.42,116.9
Maharashtra,Thane,Vashi,Tomato,Demo,FAQ,2025-12-21,2741.97,2957.87,2835.87,170.6
Maharashtra,Thane,Vashi,Onion,Demo,FAQ,2025-12-21,2461.54,2726.74,2555.47,156.1
Maharashtra,Thane,Vashi,Potato,Demo,FAQ,2025-12-21,2012.59,2237.43,2121.81,148.3
Maharashtra,Thane,Vashi,Soyabean,Demo,FAQ,2025-12-21,4861.37,5146.93,4991.24,146.1
Maharashtra,Thane,Vashi,Wheat,Demo,FAQ,2025-12-21,3078.11,3318.19,3171.91,114.8
Maharashtra,Thane,Vashi,Tomato,Demo,FAQ,2025-12-28,2976.12,3237.3,3075.28,129.7
Maharashtra,Thane,Vashi,Onion,Demo,FAQ,2025-12-28,2518.36,2799.72,2684.52,119.9
Maharashtra,Thane,Vashi,Potato,Demo,FAQ,2025-12-28,2159.14,2361.58,2277.23,170.7
Maharashtra,Thane,Vashi,Soyabean,Demo,FAQ,2025-12-28,5190.66,5383.24,5286.04,104.8
Maharashtra,Thane,Vashi,Wheat,Demo,FAQ,2025-12-28,3138.67,3376.75,3281.28,122.1
Maharashtra,Thane,Vashi,Tomato,Demo,FAQ,2026-01-04,2569.46,2832.97,2682.22,159.4
Maharashtra,Thane,Vashi,Onion,Demo,FAQ,2026-01-04,2283.89,2546.52,2423.31,103.2
Maharashtra,Thane,Vashi,Potato,Demo,FAQ,2026-01-04,2161.93,2410.0,2245.61,164.5
Maharashtra,Thane,Vashi,Soyabean,Demo,FAQ,2026-01-04,4955.08,5237.3,5136.53,97.1
Maharashtra,Thane,Vashi,Wheat,Demo,FAQ,2026-01-04,2924.91,3182.01,3046.36,153.3
Maharashtra,Thane,Vashi,Tomato,Demo,FAQ,2026-01-11,2559.7,2816.99,2724.31,99.6
Maharashtra,Thane,Vashi,Onion,Demo,FAQ,2026-01-11,2373.79,2612.1,2496.83,151.5
Maharashtra,Thane,Vashi,Potato,Demo,FAQ,2026-01-11,2190.42,2434.66,2311.67,113.4
Maharashtra,Thane,Vashi,Soyabean,Demo,FAQ,2026-01-11,4745.09,5078.24,4905.1,157.9
Maharashtra,Thane,Vashi,Wheat,Demo,FAQ,2026-01-11,2925.84,3239.04,3057.83,114.5
Maharashtra,Thane,Vashi,Tomato,Demo,FAQ,2026-01-18,2616.48,2975.56,2791.74,133.7
Maharashtra,Thane,Vashi,Onion,Demo,FAQ,2026-01-18,2007.48,2322.92,2177.0,155.6
Maharashtra,Thane,Vashi,Potato,Demo,FAQ,2026-01-18,1957.73,2191.26,2070.62,111.8
Maharashtra,Thane,Vashi,Soyabean,Demo,FAQ,2026-01-18,4940.6,5142.99,5033.34,145.7
Maharashtra,Thane,Vashi,Wheat,Demo,FAQ,2026-01-18,2971.79,3261.62,3144.27,121.6
Maharashtra,Thane,Vashi,Tomato,Demo,FAQ,2026-01-25,2564.25,2832.89,2699.96,167.1
Maharashtra,Thane,Vashi,Onion,Demo,FAQ,2026-01-25,2425.04,2704.87,2605.62,111.7
Maharashtra,Thane,Vashi,Potato,Demo,FAQ,2026-01-25,2117.11,2392.45,2262.15,162.5
Maharashtra,Thane,Vashi,Soyabean,Demo,FAQ,2026-01-25,4725.42,5000.8,4823.57,179.5
Maharashtra,Thane,Vashi,Wheat,Demo,FAQ,2026-01-25,2922.8,3204.58,3027.03,137.7
Maharashtra,Thane,Vashi,Tomato,Demo,FAQ,2026-02-01,2762.46,2956.23,2858.15,136.6
Maharashtra,Thane,Vashi,Onion,Demo,FAQ,2026-02-01,2239.77,2515.02,2383.94,150.5
Maharashtra,Thane,Vashi,Potato,Demo,FAQ,2026-02-01,1778.01,2111.94,1952.32,188.7
Maharashtra,Thane,Vashi,Soyabean,Demo,FAQ,2026-02-01,5048.48,5312.68,5172.4,128.5
Maharashtra,Thane,Vashi,Wheat,Demo,FAQ,2026-02-01,2770.94,2994.02,2898.67,158.6
Maharashtra,Thane,Vashi,Tomato,Demo,FAQ,2026-02-08,2731.21,3064.81,2893.76,159.6
Maharashtra,Thane,Vashi,Onion,Demo,FAQ,2026-02-08,2272.34,2551.76,2448.51,170.2
Maharashtra,Thane,Vashi,Potato,Demo,FAQ,2026-02-08,2043.78,2350.28,2226.73,157.2
Maharashtra,Thane,Vashi,Soyabean,Demo,FAQ,2026-02-08,4910.72,5196.67,5081.07,169.0
Maharashtra,Thane,Vashi,Wheat,Demo,FAQ,2026-02-08,2819.3,3171.71,2988.56,170.2
Maharashtra,Thane,Vashi,Tomato,Demo,FAQ,2026-02-15,2592.13,2813.28,2704.33,118.9
Maharashtra,Thane,Vashi,Onion,Demo,FAQ,2026-02-15,2252.33,2533.9,2369.36,153.7
Maharashtra,Thane,Vashi,Potato,Demo,FAQ,2026-02-15,1856.71,2080.92,1954.97,182.5
Maharashtra,Thane,Vashi,Soyabean,Demo,FAQ,2026-02-15,4785.92,5110.19,4959.46,139.3
Maharashtra,Thane,Vashi,Wheat,Demo,FAQ,2026-02-15,2840.43,3174.64,2990.06,156.1
Maharashtra,Thane,Vashi,Tomato,Demo,FAQ,2026-02-22,2643.45,2882.79,2731.16,168.7
Maharashtra,Thane,Vashi,Onion,Demo,FAQ,2026-02-22,2365.15,2663.1,2530.09,190.5
Maharashtra,Thane,Vashi,Potato,Demo,FAQ,2026-02-22,1827.22,1997.51,1915.06,156.5
Maharashtra,Thane,Vashi,Soyabean,Demo,FAQ,2026-02-22,4720.05,5058.29,4891.11,199.0
Maharashtra,Thane,Vashi,Wheat,Demo,FAQ,2026-02-22,2731.52,3025.53,2865.85,163.8
Maharashtra,Thane,Vashi,Tomato,Demo,FAQ,2026-03-01,2582.2,2783.21,2682.76,176.8
Maharashtra,Thane,Vashi,Onion,Demo,FAQ,2026-03-01,2156.42,2511.84,2328.95,123.2
Maharashtra,Thane,Vashi,Potato,Demo,FAQ,2026-03-01,1745.38,2052.25,1884.52,140.2
Maharashtra,Thane,Vashi,Soyabean,Demo,FAQ,2026-03-01,4606.48,4934.49,4766.95,152.4
Maharashtra,Thane,Vashi,Wheat,Demo,FAQ,2026-03-01,2642.17,2813.89,2731.37,142.7
Maharashtra,Thane,Vashi,Tomato,Demo,FAQ,2026-03-08,2539.11,2806.4,2717.87,125.5
Maharashtra,Thane,Vashi,Onion,Demo,FAQ,2026-03-08,1994.93,2221.42,2120.88,149.9
Maharashtra,Thane,Vashi,Potato,Demo,FAQ,2026-03-08,1866.84,2115.67,2012.12,110.9
Maharashtra,Thane,Vashi,Soyabean,Demo,FAQ,2026-03-08,4541.4,4871.69,4711.6,110.9
Maharashtra,Thane,Vashi,Wheat,Demo,FAQ,2026-03-08,2586.26,2893.51,2728.08,176.7
Maharashtra,Thane,Vashi,Tomato,Demo,FAQ,2026-03-15,2450.71,2668.48,2566.17,201.1
Maharashtra,Thane,Vashi,Onion,Demo,FAQ,2026-03-15,2084.44,2440.77,2262.29,162.3
Maharashtra,Thane,Vashi,Potato,Demo,FAQ,2026-03-15,1739.8,1973.24,1855.24,123.6
Maharashtra,Thane,Vashi,Soyabean,Demo,FAQ,2026-03-15,4613.4,4882.54,4773.63,166.0
Maharashtra,Thane,Vashi,Wheat,Demo,FAQ,2026-03-15,2544.99,2864.58,2722.55,117.5
Maharashtra,Thane,Vashi,Tomato,Demo,FAQ,2026-03-22,2131.54,2395.44,2265.07,186.8
Maharashtra,Thane,Vashi,Onion,Demo,FAQ,2026-03-22,2146.4,2407.55,2245.34,141.3
Maharashtra,Thane,Vashi,Potato,Demo,FAQ,2026-03-22,1623.19,1917.02,1796.04,196.4
Maharashtra,Thane,Vashi,Soyabean,Demo,FAQ,2026-03-22,4831.24,5077.16,4951.75,191.6
Maharashtra,Thane,Vashi,Wheat,Demo,FAQ,2026-03-22,2578.27,2844.44,2714.28,113.8
Maharashtra,Thane,Vashi,Tomato,Demo,FAQ,2026-03-29,2488.56,2729.23,2624.76,163.7
Maharashtra,Thane,Vashi,Onion,Demo,FAQ,2026-03-29,2064.34,2337.81,2247.1,161.4
Maharashtra,Thane,Vashi,Potato,Demo,FAQ,2026-03-29,1637.34,2003.23,1822.07,194.3
Maharashtra,Thane,Vashi,Soyabean,Demo,FAQ,2026-03-29,4516.99,4700.07,4611.5,180.2
Maharashtra,Thane,Vashi,Wheat,Demo,FAQ,2026-03-29,2575.58,2846.66,2664.48,120.1
Maharashtra,Thane,Vashi,Tomato,Demo,FAQ,2026-04-05,2429.47,2780.28,2597.36,168.3
Maharashtra,Thane,Vashi,Onion,Demo,FAQ,2026-04-05,2023.25,2360.75,2205.74,131.4
Maharashtra,Thane,Vashi,Potato,Demo,FAQ,2026-04-05,1563.73,1854.8,1726.46,129.1
Maharashtra,Thane,Vashi,Soyabean,Demo,FAQ,2026-04-05,4683.72,4998.06,4819.25,114.1
Maharashtra,Thane,Vashi,Wheat,Demo,FAQ,2026-04-05,2594.23,2908.35,2770.62,119.9
Maharashtra,Thane,Vashi,Tomato,Demo,FAQ,2026-04-12,2531.82,2729.22,2623.54,145.9
Maharashtra,Thane,Vashi,Onion,Demo,FAQ,2026-04-12,2168.98,2470.36,2318.66,153.8
Maharashtra,Thane,Vashi,Potato,Demo,FAQ,2026-04-12,1595.51,1865.08,1729.16,160.5
Maharashtra,Thane,Vashi,Soyabean,Demo,FAQ,2026-04-12,4621.57,4870.92,4765.05,103.3
Maharashtra,Thane,Vashi,Wheat,Demo,FAQ,2026-04-12,2453.15,2769.4,2620.24,147.1
Maharashtra,Thane,Vashi,Tomato,Demo,FAQ,2026-04-19,2325.26,2658.19,2476.85,142.7
Maharashtra,Thane,Vashi,Onion,Demo,FAQ,2026-04-19,1788.14,2043.2,1947.3,174.2
Maharashtra,Thane,Vashi,Potato,Demo,FAQ,2026-04-19,1536.28,1737.34,1634.59,135.0
Maharashtra,Thane,Vashi,Soyabean,Demo,FAQ,2026-04-19,4675.54,4904.8,4807.22,183.0
Maharashtra,Thane,Vashi,Wheat,Demo,FAQ,2026-04-19,2339.26,2661.67,2502.23,140.5
Maharashtra,Thane,Vashi,Tomato,Demo,FAQ,2026-04-26,2264.76,2494.76,2387.54,153.7
Maharashtra,Thane,Vashi,Onion,Demo,FAQ,2026-04-26,1751.12,2018.83,1857.83,128.4
Maharashtra,Thane,Vashi,Potato,Demo,FAQ,2026-04-26,1590.79,1930.69,1766.78,163.2
Maharashtra,Thane,Vashi,Soyabean,Demo,FAQ,2026-04-26,4578.68,4886.53,4717.96,120.0
Maharashtra,Thane,Vashi,Wheat,Demo,FAQ,2026-04-26,2472.69,2711.24,2587.46,124.2
Maharashtra,Thane,Vashi,Tomato,Demo,FAQ,2026-05-03,2344.21,2535.08,2446.71,142.0
Maharashtra,Thane,Vashi,Onion,Demo,FAQ,2026-05-03,2079.17,2365.3,2188.83,96.4
Maharashtra,Thane,Vashi,Potato,Demo,FAQ,2026-05-03,1673.17,1926.8,1799.85,169.4
Maharashtra,Thane,Vashi,Soyabean,Demo,FAQ,2026-05-03,4526.23,4852.25,4667.47,141.0
Maharashtra,Thane,Vashi,Wheat,Demo,FAQ,2026-05-03,2282.81,2505.33,2403.48,142.0
Maharashtra,Thane,Vashi,Tomato,Demo,FAQ,2026-05-10,2307.15,2555.91,2431.97,143.5
Maharashtra,Thane,Vashi,Onion,Demo,FAQ,2026-05-10,1799.03,2030.7,1900.53,154.2
Maharashtra,Thane,Vashi,Potato,Demo,FAQ,2026-05-10,1665.69,1941.6,1761.99,116.2
Maharashtra,Thane,Vashi,Soyabean,Demo,FAQ,2026-05-10,4493.97,4761.13,4657.01,121.0
Maharashtra,Thane,Vashi,Wheat,Demo,FAQ,2026-05-10,2294.33,2601.15,2440.47,160.1
Maharashtra,Thane,Vashi,Tomato,Demo,FAQ,2026-05-17,2191.88,2517.91,2351.0,143.6
Maharashtra,Thane,Vashi,Onion,Demo,FAQ,2026-05-17,1881.65,2221.56,2045.1,128.6
Maharashtra,Thane,Vashi,Potato,Demo,FAQ,2026-05-17,1383.92,1717.61,1540.66,91.0
Maharashtra,Thane,Vashi,Soyabean,Demo,FAQ,2026-05-17,4497.28,4781.52,4669.87,121.1
Maharashtra,Thane,Vashi,Wheat,Demo,FAQ,2026-05-17,2237.71,2532.78,2382.55,98.5
Maharashtra,Thane,Vashi,Tomato,Demo,FAQ,2026-05-24,2173.42,2463.2,2291.7,111.9
Maharashtra,Thane,Vashi,Onion,Demo,FAQ,2026-05-24,1731.69,2064.55,1890.93,148.0
Maharashtra,Thane,Vashi,Potato,Demo,FAQ,2026-05-24,1457.79,1761.19,1613.32,126.4
Maharashtra,Thane,Vashi,Soyabean,Demo,FAQ,2026-05-24,4450.47,4734.88,4616.47,106.5
Maharashtra,Thane,Vashi,Wheat,Demo,FAQ,2026-05-24,2547.46,2743.34,2651.67,98.4
Maharashtra,Thane,Vashi,Tomato,Demo,FAQ,2026-05-31,2141.42,2450.97,2303.58,146.1
Maharashtra,Thane,Vashi,Onion,Demo,FAQ,2026-05-31,1790.99,2055.32,1890.87,105.2
Maharashtra,Thane,Vashi,Potato,Demo,FAQ,2026-05-31,1564.85,1816.46,1655.25,116.6
Maharashtra,Thane,Vashi,Soyabean,Demo,FAQ,2026-05-31,4631.37,4917.31,4770.87,82.6
Maharashtra,Thane,Vashi,Wheat,Demo,FAQ,2026-05-31,2315.91,2568.87,2444.33,135.7
Maharashtra,Thane,Vashi,Tomato,Demo,FAQ,2026-06-07,2154.49,2446.28,2315.21,126.1
Maharashtra,Thane,Vashi,Onion,Demo,FAQ,2026-06-07,2152.95,2378.27,2242.75,80.7
Maharashtra,Thane,Vashi,Potato,Demo,FAQ,2026-06-07,1685.53,1882.48,1790.27,94.2
Maharashtra,Thane,Vashi,Soyabean,Demo,FAQ,2026-06-07,4439.37,4718.34,4618.71,137.1
Maharashtra,Thane,Vashi,Wheat,Demo,FAQ,2026-06-07,2502.05,2796.24,2635.97,139.6
Maharashtra,Thane,Vashi,Tomato,Demo,FAQ,2026-06-14,2134.86,2503.99,2319.59,88.2
Maharashtra,Thane,Vashi,Onion,Demo,FAQ,2026-06-14,1845.36,2086.69,1958.99,89.0
Maharashtra,Thane,Vashi,Potato,Demo,FAQ,2026-06-14,1669.79,1944.42,1809.96,98.0
Maharashtra,Thane,Vashi,Soyabean,Demo,FAQ,2026-06-14,4581.35,4879.72,4751.35,75.2
Maharashtra,Thane,Vashi,Wheat,Demo,FAQ,2026-06-14,2500.56,2700.38,2611.3,86.6
Maharashtra,Thane,Vashi,Tomato,Demo,FAQ,2026-06-21,2339.06,2556.86,2467.07,132.5
Maharashtra,Thane,Vashi,Onion,Demo,FAQ,2026-06-21,2002.87,2256.53,2106.15,78.2
Maharashtra,Thane,Vashi,Potato,Demo,FAQ,2026-06-21,1838.69,2031.35,1944.21,130.9
Maharashtra,Thane,Vashi,Soyabean,Demo,FAQ,2026-06-21,4510.82,4832.42,4676.72,81.4
Maharashtra,Thane,Vashi,Wheat,Demo,FAQ,2026-06-21,2275.3,2500.93,2400.33,119.8
Maharashtra,Thane,Vashi,Tomato,Demo,FAQ,2026-06-28,2171.72,2416.36,2255.36,99.8
Maharashtra,Thane,Vashi,Onion,Demo,FAQ,2026-06-28,2091.26,2362.36,2236.97,82.5
Maharashtra,Thane,Vashi,Potato,Demo,FAQ,2026-06-28,1785.48,2034.95,1920.39,117.1
Maharashtra,Thane,Vashi,Soyabean,Demo,FAQ,2026-06-28,4400.15,4662.74,4558.16,84.1
Maharashtra,Thane,Vashi,Wheat,Demo,FAQ,2026-06-28,2462.8,2800.66,2616.57,76.3
Maharashtra,Thane,Vashi,Tomato,Demo,FAQ,2026-07-05,2310.18,2538.85,2421.94,92.9
Maharashtra,Thane,Vashi,Onion,Demo,FAQ,2026-07-05,1859.97,2166.33,2033.53,120.2
Maharashtra,Thane,Vashi,Potato,Demo,FAQ,2026-07-05,1618.69,1879.91,1743.77,74.9
Maharashtra,Thane,Vashi,Soyabean,Demo,FAQ,2026-07-05,4599.85,4837.25,4707.82,129.6
Maharashtra,Thane,Vashi,Wheat,Demo,FAQ,2026-07-05,2527.57,2771.28,2645.49,106.9
Maharashtra,Thane,Vashi,Tomato,Demo,FAQ,2026-07-12,2319.09,2630.14,2482.61,80.5
Maharashtra,Thane,Vashi,Onion,Demo,FAQ,2026-07-12,1767.4,2035.6,1951.52,90.6
Maharashtra,Thane,Vashi,Potato,Demo,FAQ,2026-07-12,1635.11,1924.67,1814.89,93.8
Maharashtra,Thane,Vashi,Soyabean,Demo,FAQ,2026-07-12,4581.84,4887.14,4716.22,113.3
Maharashtra,Thane,Vashi,Wheat,Demo,FAQ,2026-07-12,2465.72,2664.76,2579.16,108.6
Maharashtra,Thane,Vashi,Tomato,Demo,FAQ,2026-07-19,2451.83,2726.39,2570.17,119.9
Maharashtra,Thane,Vashi,Onion,Demo,FAQ,2026-07-19,1921.92,2141.68,2008.34,127.0
Maharashtra,Thane,Vashi,Potato,Demo,FAQ,2026-07-19,1458.82,1770.28,1614.39,112.0
Maharashtra,Thane,Vashi,Soyabean,Demo,FAQ,2026-07-19,4757.49,5019.29,4841.35,73.4
Maharashtra,Thane,Vashi,Wheat,Demo,FAQ,2026-07-19,2488.95,2712.63,2591.22,125.5
Maharashtra,Thane,Vashi,Tomato,Demo,FAQ,2026-07-26,2315.71,2678.2,2500.16,94.0
Maharashtra,Thane,Vashi,Onion,Demo,FAQ,2026-07-26,2060.73,2349.27,2187.87,118.1
Maharashtra,Thane,Vashi,Potato,Demo,FAQ,2026-07-26,1500.67,1736.58,1650.67,98.0
Maharashtra,Thane,Vashi,Soyabean,Demo,FAQ,2026-07-26,4708.06,4923.4,4794.84,96.4
Maharashtra,Thane,Vashi,Wheat,Demo,FAQ,2026-07-26,2665.9,2916.22,2782.06,121.3
Maharashtra,Thane,Vashi,Tomato,Demo,FAQ,2026-08-02,2392.07,2668.17,2559.33,135.8
Maharashtra,Thane,Vashi,Onion,Demo,FAQ,2026-08-02,2136.07,2445.31,2302.74,119.4
Maharashtra,Thane,Vashi,Potato,Demo,FAQ,2026-08-02,1606.18,1861.97,1772.62,134.2
Maharashtra,Thane,Vashi,Soyabean,Demo,FAQ,2026-08-02,4731.72,4990.34,4847.42,97.1
Maharashtra,Thane,Vashi,Wheat,Demo,FAQ,2026-08-02,2741.87,3051.36,2873.96,79.0
Maharashtra,Thane,Vashi,Tomato,Demo,FAQ,2026-08-09,2276.97,2504.22,2402.24,123.1
Maharashtra,Thane,Vashi,Onion,Demo,FAQ,2026-08-09,2338.69,2580.69,2488.6,127.3
Maharashtra,Thane,Vashi,Potato,Demo,FAQ,2026-08-09,1872.3,2073.93,1985.28,135.8
Maharashtra,Thane,Vashi,Soyabean,Demo,FAQ,2026-08-09,4656.86,4912.22,4774.83,77.2
Maharashtra,Thane,Vashi,Wheat,Demo,FAQ,2026-08-09,2707.08,2922.12,2795.52,80.6
Maharashtra,Thane,Vashi,Tomato,Demo,FAQ,2026-08-16,2431.75,2723.35,2566.44,94.0
Maharashtra,Thane,Vashi,Onion,Demo,FAQ,2026-08-16,2145.31,2389.67,2285.0,87.9
Maharashtra,Thane,Vashi,Potato,Demo,FAQ,2026-08-16,1740.86,2006.77,1832.9,88.8
Maharashtra,Thane,Vashi,Soyabean,Demo,FAQ,2026-08-16,4834.34,5034.02,4947.54,107.2
Maharashtra,Thane,Vashi,Wheat,Demo,FAQ,2026-08-16,2722.02,2981.81,2854.49,83.5
Maharashtra,Thane,Vashi,Tomato,Demo,FAQ,2026-08-23,2376.53,2599.57,2498.54,117.7
Maharashtra,Thane,Vashi,Onion,Demo,FAQ,2026-08-23,2248.71,2461.95,2338.01,149.7
Maharashtra,Thane,Vashi,Potato,Demo,FAQ,2026-08-23,1590.12,1853.51,1732.31,108.6
Maharashtra,Thane,Vashi,Soyabean,Demo,FAQ,2026-08-23,4892.04,5081.5,4981.56,112.3
Maharashtra,Thane,Vashi,Wheat,Demo,FAQ,2026-08-23,2617.28,2793.69,2708.85,125.0
Maharashtra,Thane,Vashi,Tomato,Demo,FAQ,2026-08-30,2731.75,3049.98,2865.72,146.2
Maharashtra,Thane,Vashi,Onion,Demo,FAQ,2026-08-30,2253.26,2488.29,2362.78,115.8
Maharashtra,Thane,Vashi,Potato,Demo,FAQ,2026-08-30,1616.07,1886.14,1713.91,150.9
Maharashtra,Thane,Vashi,Soyabean,Demo,FAQ,2026-08-30,4801.08,5049.26,4888.35,98.7
Maharashtra,Thane,Vashi,Wheat,Demo,FAQ,2026-08-30,2495.01,2722.24,2578.53,106.3
Maharashtra,Thane,Vashi,Rice,Demo,FAQ,2025-08-31,2566.73,2838.67,2683.95,135.5
Maharashtra,Thane,Vashi,Rice,Demo,FAQ,2025-09-07,2512.8,2741.4,2597.13,120.1
Maharashtra,Thane,Vashi,Rice,Demo,FAQ,2025-09-14,2439.25,2694.69,2531.21,125.8
Maharashtra,Thane,Vashi,Rice,Demo,FAQ,2025-09-21,2524.71,2811.59,2641.74,168.8
Maharashtra,Thane,Vashi,Rice,Demo,FAQ,2025-09-28,2614.13,2883.45,2780.51,168.9
Maharashtra,Thane,Vashi,Rice,Demo,FAQ,2025-10-05,2641.52,2806.09,2728.27,172.7
Maharashtra,Thane,Vashi,Rice,Demo,FAQ,2025-10-12,2851.46,3072.62,2962.09,104.8
Maharashtra,Thane,Vashi,Rice,Demo,FAQ,2025-10-19,2836.7,3133.38,2969.33,153.1
Maharashtra,Thane,Vashi,Rice,Demo,FAQ,2025-10-26,2471.88,2801.28,2642.16,126.5
Maharashtra,Thane,Vashi,Rice,Demo,FAQ,2025-11-02,2711.6,3014.24,2871.19,194.5
Maharashtra,Thane,Vashi,Rice,Demo,FAQ,2025-11-09,2832.83,3084.65,2949.53,154.9
Maharashtra,Thane,Vashi,Rice,Demo,FAQ,2025-11-16,2893.4,3177.21,3021.9,157.1
Maharashtra,Thane,Vashi,Rice,Demo,FAQ,2025-11-23,2754.61,2955.16,2847.24,183.7
Maharashtra,Thane,Vashi,Rice,Demo,FAQ,2025-11-30,2750.56,2983.62,2904.31,186.2
Maharashtra,Thane,Vashi,Rice,Demo,FAQ,2025-12-07,2962.27,3161.26,3050.82,174.7
Maharashtra,Thane,Vashi,Rice,Demo,FAQ,2025-12-14,2776.7,3029.03,2943.46,121.5
Maharashtra,Thane,Vashi,Rice,Demo,FAQ,2025-12-21,2831.86,3052.73,2918.15,156.1
Maharashtra,Thane,Vashi,Rice,Demo,FAQ,2025-12-28,2887.57,3106.61,3018.78,166.4
Maharashtra,Thane,Vashi,Rice,Demo,FAQ,2026-01-04,2690.92,2927.45,2802.65,149.2
Maharashtra,Thane,Vashi,Rice,Demo,FAQ,2026-01-11,2691.77,2979.91,2813.21,99.6
Maharashtra,Thane,Vashi,Rice,Demo,FAQ,2026-01-18,2734.04,3000.69,2892.72,145.7
Maharashtra,Thane,Vashi,Rice,Demo,FAQ,2026-01-25,2688.98,2948.21,2784.86,149.0
Maharashtra,Thane,Vashi,Rice,Demo,FAQ,2026-02-01,2549.26,2754.5,2666.77,114.6
Maharashtra,Thane,Vashi,Rice,Demo,FAQ,2026-02-08,2593.76,2917.97,2749.47,179.7
Maharashtra,Thane,Vashi,Rice,Demo,FAQ,2026-02-15,2613.19,2920.67,2750.85,189.7
Maharashtra,Thane,Vashi,Rice,Demo,FAQ,2026-02-22,2512.99,2783.49,2636.58,146.8
Maharashtra,Thane,Vashi,Rice,Demo,FAQ,2026-03-01,2430.79,2588.78,2512.86,182.9
Maharashtra,Thane,Vashi,Rice,Demo,FAQ,2026-03-08,2379.36,2662.02,2509.83,171.9
Maharashtra,Thane,Vashi,Rice,Demo,FAQ,2026-03-15,2341.39,2635.42,2504.74,122.4
Maharashtra,Thane,Vashi,Rice,Demo,FAQ,2026-03-22,2372.01,2616.88,2497.13,188.0
Maharashtra,Thane,Vashi,Rice,Demo,FAQ,2026-03-29,2369.54,2618.93,2451.32,117.8
Maharashtra,Thane,Vashi,Rice,Demo,FAQ,2026-04-05,2386.7,2675.68,2548.97,121.0
Maharashtra,Thane,Vashi,Rice,Demo,FAQ,2026-04-12,2256.89,2547.85,2410.62,174.0
Maharashtra,Thane,Vashi,Rice,Demo,FAQ,2026-04-19,2152.12,2448.74,2302.05,162.3
Maharashtra,Thane,Vashi,Rice,Demo,FAQ,2026-04-26,2274.88,2494.34,2380.46,131.6
Maharashtra,Thane,Vashi,Rice,Demo,FAQ,2026-05-03,2100.18,2304.9,2211.2,104.5
Maharashtra,Thane,Vashi,Rice,Demo,FAQ,2026-05-10,2110.78,2393.06,2245.24,152.3
Maharashtra,Thane,Vashi,Rice,Demo,FAQ,2026-05-17,2058.69,2330.16,2191.95,124.8
Maharashtra,Thane,Vashi,Rice,Demo,FAQ,2026-05-24,2343.66,2523.87,2439.53,138.1
Maharashtra,Thane,Vashi,Rice,Demo,FAQ,2026-05-31,2130.64,2363.37,2248.79,78.3
Maharashtra,Thane,Vashi,Rice,Demo,FAQ,2026-06-07,2301.89,2572.55,2425.08,83.2
Maharashtra,Thane,Vashi,Rice,Demo,FAQ,2026-06-14,2300.52,2484.35,2402.39,107.8
Maharashtra,Thane,Vashi,Rice,Demo,FAQ,2026-06-21,2093.28,2300.86,2208.31,129.3
Maharashtra,Thane,Vashi,Rice,Demo,FAQ,2026-06-28,2265.77,2576.61,2407.24,107.7
Maharashtra,Thane,Vashi,Rice,Demo,FAQ,2026-07-05,2325.36,2549.58,2433.85,99.1
Maharashtra,Thane,Vashi,Rice,Demo,FAQ,2026-07-12,2268.46,2451.59,2372.83,89.9
Maharashtra,Thane,Vashi,Rice,Demo,FAQ,2026-07-19,2289.83,2495.62,2383.92,82.8
Maharashtra,Thane,Vashi,Rice,Demo,FAQ,2026-07-26,2452.63,2682.92,2559.5,123.7
Maharashtra,Thane,Vashi,Rice,Demo,FAQ,2026-08-02,2522.52,2807.25,2644.04,130.9
Maharashtra,Thane,Vashi,Rice,Demo,FAQ,2026-08-09,2490.51,2688.35,2571.88,136.6
Maharashtra,Thane,Vashi,Rice,Demo,FAQ,2026-08-16,2504.26,2743.26,2626.13,142.4
Maharashtra,Thane,Vashi,Rice,Demo,FAQ,2026-08-23,2407.9,2570.19,2492.14,119.6
Maharashtra,Thane,Vashi,Rice,Demo,FAQ,2026-08-30,2295.41,2504.46,2372.25,148.1
Maharashtra,Thane,Vashi,Cotton,Demo,FAQ,2025-08-31,6722.44,7124.76,6968.22,110.7
Maharashtra,Thane,Vashi,Cotton,Demo,FAQ,2025-09-07,6583.49,6938.83,6735.55,150.9
Maharashtra,Thane,Vashi,Cotton,Demo,FAQ,2025-09-14,6759.31,7083.91,6960.92,146.4
Maharashtra,Thane,Vashi,Cotton,Demo,FAQ,2025-09-21,6372.71,6751.68,6596.34,104.7
Maharashtra,Thane,Vashi,Cotton,Demo,FAQ,2025-09-28,6428.91,6790.98,6567.93,167.8
Maharashtra,Thane,Vashi,Cotton,Demo,FAQ,2025-10-05,6417.39,6742.85,6611.28,154.5
Maharashtra,Thane,Vashi,Cotton,Demo,FAQ,2025-10-12,6634.3,7040.38,6864.79,146.7
Maharashtra,Thane,Vashi,Cotton,Demo,FAQ,2025-10-19,6559.58,6891.55,6756.49,147.2
Maharashtra,Thane,Vashi,Cotton,Demo,FAQ,2025-10-26,6737.41,7137.83,6911.82,134.9
Maharashtra,Thane,Vashi,Cotton,Demo,FAQ,2025-11-02,6602.38,6953.85,6815.77,194.5
Maharashtra,Thane,Vashi,Cotton,Demo,FAQ,2025-11-09,7112.22,7445.68,7254.84,173.2
Maharashtra,Thane,Vashi,Cotton,Demo,FAQ,2025-11-16,6517.87,6883.4,6683.03,163.2
Maharashtra,Thane,Vashi,Cotton,Demo,FAQ,2025-11-23,6706.37,7128.72,6899.25,149.9
Maharashtra,Thane,Vashi,Cotton,Demo,FAQ,2025-11-30,6617.32,7041.5,6865.61,140.8
Maharashtra,Thane,Vashi,Cotton,Demo,FAQ,2025-12-07,6815.96,7218.53,7066.08,110.2
Maharashtra,Thane,Vashi,Cotton,Demo,FAQ,2025-12-14,6637.02,6994.77,6857.78,171.9
Maharashtra,Thane,Vashi,Cotton,Demo,FAQ,2025-12-21,6562.85,6948.36,6738.17,119.3
Maharashtra,Thane,Vashi,Cotton,Demo,FAQ,2025-12-28,7007.4,7267.38,7136.16,168.6
Maharashtra,Thane,Vashi,Cotton,Demo,FAQ,2026-01-04,6689.37,7070.36,6934.31,153.3
Maharashtra,Thane,Vashi,Cotton,Demo,FAQ,2026-01-11,6405.87,6855.63,6621.88,154.7
Maharashtra,Thane,Vashi,Cotton,Demo,FAQ,2026-01-18,6669.81,6943.03,6795.01,142.4
Maharashtra,Thane,Vashi,Cotton,Demo,FAQ,2026-01-25,6379.33,6751.08,6511.82,135.4
Maharashtra,Thane,Vashi,Cotton,Demo,FAQ,2026-02-01,6815.45,7172.12,6982.74,130.8
Maharashtra,Thane,Vashi,Cotton,Demo,FAQ,2026-02-08,6629.47,7015.51,6859.45,171.4
Maharashtra,Thane,Vashi,Cotton,Demo,FAQ,2026-02-15,6460.98,6898.75,6695.27,138.1
Maharashtra,Thane,Vashi,Cotton,Demo,FAQ,2026-02-22,6372.06,6828.69,6603.0,157.7
Maharashtra,Thane,Vashi,Cotton,Demo,FAQ,2026-03-01,6218.75,6661.57,6435.39,191.5
Maharashtra,Thane,Vashi,Cotton,Demo,FAQ,2026-03-08,6130.9,6576.79,6360.66,137.7
Maharashtra,Thane,Vashi,Cotton,Demo,FAQ,2026-03-15,6228.09,6591.43,6444.4,127.2
Maharashtra,Thane,Vashi,Cotton,Demo,FAQ,2026-03-22,6522.17,6854.17,6684.85,191.6
Maharashtra,Thane,Vashi,Cotton,Demo,FAQ,2026-03-29,6097.94,6345.09,6225.52,148.4
Maharashtra,Thane,Vashi,Cotton,Demo,FAQ,2026-04-05,6323.03,6747.39,6505.98,131.4
Maharashtra,Thane,Vashi,Cotton,Demo,FAQ,2026-04-12,6239.12,6575.75,6432.81,176.3
Maharashtra,Thane,Vashi,Cotton,Demo,FAQ,2026-04-19,6311.98,6621.48,6489.74,172.1
Maharashtra,Thane,Vashi,Cotton,Demo,FAQ,2026-04-26,6181.22,6596.81,6369.24,100.0
Maharashtra,Thane,Vashi,Cotton,Demo,FAQ,2026-05-03,6110.41,6550.53,6301.08,127.8
Maharashtra,Thane,Vashi,Cotton,Demo,FAQ,2026-05-10,6066.86,6427.53,6286.97,91.8
Maharashtra,Thane,Vashi,Cotton,Demo,FAQ,2026-05-17,6071.32,6455.05,6304.32,119.2
Maharashtra,Thane,Vashi,Cotton,Demo,FAQ,2026-05-24,6008.12,6392.09,6232.23,115.5
Maharashtra,Thane,Vashi,Cotton,Demo,FAQ,2026-05-31,6252.36,6638.37,6440.67,80.9
Maharashtra,Thane,Vashi,Cotton,Demo,FAQ,2026-06-07,5993.15,6369.76,6235.25,113.5
Maharashtra,Thane,Vashi,Cotton,Demo,FAQ,2026-06-14,6184.82,6587.62,6414.32,91.5
Maharashtra,Thane,Vashi,Cotton,Demo,FAQ,2026-06-21,6089.61,6523.76,6313.57,119.8
Maharashtra,Thane,Vashi,Cotton,Demo,FAQ,2026-06-28,5940.21,6294.7,6153.52,96.7
Maharashtra,Thane,Vashi,Cotton,Demo,FAQ,2026-07-05,6209.79,6530.29,6355.55,85.8
Maharashtra,Thane,Vashi,Cotton,Demo,FAQ,2026-07-12,6185.49,6597.64,6366.89,114.9
Maharashtra,Thane,Vashi,Cotton,Demo,FAQ,2026-07-19,6422.61,6776.05,6535.82,124.7
Maharashtra,Thane,Vashi,Cotton,Demo,FAQ,2026-07-26,6355.88,6646.59,6473.02,118.9
Maharashtra,Thane,Vashi,Cotton,Demo,FAQ,2026-08-02,6387.81,6736.96,6544.01,131.7
Maharashtra,Thane,Vashi,Cotton,Demo,FAQ,2026-08-09,6286.76,6631.5,6446.03,120.5
Maharashtra,Thane,Vashi,Cotton,Demo,FAQ,2026-08-16,6526.36,6795.93,6679.18,112.5
Maharashtra,Thane,Vashi,Cotton,Demo,FAQ,2026-08-23,6604.25,6860.03,6725.11,119.6
Maharashtra,Thane,Vashi,Cotton,Demo,FAQ,2026-08-30,6481.45,6816.5,6599.27,108.2
Maharashtra,Thane,Vashi,Tur,Demo,FAQ,2025-08-31,7718.36,8180.27,8000.55,86.9
Maharashtra,Thane,Vashi,Tur,Demo,FAQ,2025-09-07,7558.82,7966.8,7733.42,105.2
Maharashtra,Thane,Vashi,Tur,Demo,FAQ,2025-09-14,7760.7,8133.37,7992.16,100.0
Maharashtra,Thane,Vashi,Tur,Demo,FAQ,2025-09-21,7316.82,7751.93,7573.57,107.9
Maharashtra,Thane,Vashi,Tur,Demo,FAQ,2025-09-28,7381.34,7797.05,7540.96,103.8
Maharashtra,Thane,Vashi,Tur,Demo,FAQ,2025-10-05,7368.12,7741.8,7590.74,137.5
Maharashtra,Thane,Vashi,Tur,Demo,FAQ,2025-10-12,7617.16,8083.4,7881.8,105.9
Maharashtra,Thane,Vashi,Tur,Demo,FAQ,2025-10-19,7531.36,7912.52,7757.46,187.6
Maharashtra,Thane,Vashi,Tur,Demo,FAQ,2025-10-26,7735.54,8195.28,7935.79,138.5
Maharashtra,Thane,Vashi,Tur,Demo,FAQ,2025-11-02,7580.52,7984.04,7825.52,161.7
Maharashtra,Thane,Vashi,Tur,Demo,FAQ,2025-11-09,8165.89,8548.74,8329.63,206.2
Maharashtra,Thane,Vashi,Tur,Demo,FAQ,2025-11-16,7483.49,7903.15,7673.12,159.5
Maharashtra,Thane,Vashi,Tur,Demo,FAQ,2025-11-23,7699.9,8184.82,7921.36,143.8
Maharashtra,Thane,Vashi,Tur,Demo,FAQ,2025-11-30,7597.66,8084.7,7882.73,192.2
Maharashtra,Thane,Vashi,Tur,Demo,FAQ,2025-12-07,7825.74,8287.95,8112.9,124.3
Maharashtra,Thane,Vashi,Tur,Demo,FAQ,2025-12-14,7620.29,8031.03,7873.74,165.0
Maharashtra,Thane,Vashi,Tur,Demo,FAQ,2025-12-21,7535.13,7977.74,7736.41,188.4
Maharashtra,Thane,Vashi,Tur,Demo,FAQ,2025-12-28,8045.53,8344.03,8193.36,145.9
Maharashtra,Thane,Vashi,Tur,Demo,FAQ,2026-01-04,7680.38,8117.82,7961.62,126.7
Maharashtra,Thane,Vashi,Tur,Demo,FAQ,2026-01-11,7354.88,7871.27,7602.9,153.7
Maharashtra,Thane,Vashi,Tur,Demo,FAQ,2026-01-18,7657.93,7971.62,7801.68,172.0
Maharashtra,Thane,Vashi,Tur,Demo,FAQ,2026-01-25,7324.4,7751.24,7476.53,109.5
Maharashtra,Thane,Vashi,Tur,Demo,FAQ,2026-02-01,7825.15,8234.65,8017.22,172.5
Maharashtra,Thane,Vashi,Tur,Demo,FAQ,2026-02-08,7611.62,8054.84,7875.66,151.3
Maharashtra,Thane,Vashi,Tur,Demo,FAQ,2026-02-15,7418.17,7920.79,7687.17,127.3
Maharashtra,Thane,Vashi,Tur,Demo,FAQ,2026-02-22,7316.07,7840.35,7581.22,114.1
Maharashtra,Thane,Vashi,Tur,Demo,FAQ,2026-03-01,7140.04,7648.46,7388.78,152.4
Maharashtra,Thane,Vashi,Tur,Demo,FAQ,2026-03-08,7039.17,7551.13,7302.98,118.2
Maharashtra,Thane,Vashi,Tur,Demo,FAQ,2026-03-15,7150.78,7567.94,7399.12,192.6
Maharashtra,Thane,Vashi,Tur,Demo,FAQ,2026-03-22,7488.42,7869.59,7675.21,152.1
Maharashtra,Thane,Vashi,Tur,Demo,FAQ,2026-03-29,7001.34,7285.1,7147.82,107.2
Maharashtra,Thane,Vashi,Tur,Demo,FAQ,2026-04-05,7259.77,7747.0,7469.83,185.6
Maharashtra,Thane,Vashi,Tur,Demo,FAQ,2026-04-12,7163.43,7549.93,7385.82,158.3
Maharashtra,Thane,Vashi,Tur,Demo,FAQ,2026-04-19,7247.09,7602.44,7451.18,179.7
Maharashtra,Thane,Vashi,Tur,Demo,FAQ,2026-04-26,7096.96,7574.12,7312.84,138.9
Maharashtra,Thane,Vashi,Tur,Demo,FAQ,2026-05-03,7015.66,7520.99,7234.58,145.1
Maharashtra,Thane,Vashi,Tur,Demo,FAQ,2026-05-10,6965.65,7379.75,7218.36,101.5
Maharashtra,Thane,Vashi,Tur,Demo,FAQ,2026-05-17,6970.78,7411.35,7238.29,114.5
Maharashtra,Thane,Vashi,Tur,Demo,FAQ,2026-05-24,6898.22,7339.06,7155.53,131.8
Maharashtra,Thane,Vashi,Tur,Demo,FAQ,2026-05-31,7178.63,7621.84,7394.84,100.0
Maharashtra,Thane,Vashi,Tur,Demo,FAQ,2026-06-07,6881.03,7313.42,7158.99,138.7
Maharashtra,Thane,Vashi,Tur,Demo,FAQ,2026-06-14,7101.09,7563.56,7364.59,100.5
Maharashtra,Thane,Vashi,Tur,Demo,FAQ,2026-06-21,6991.77,7490.25,7248.91,121.4
Maharashtra,Thane,Vashi,Tur,Demo,FAQ,2026-06-28,6820.23,7227.24,7065.15,72.3
Maharashtra,Thane,Vashi,Tur,Demo,FAQ,2026-07-05,7129.76,7497.74,7297.12,76.5
Maharashtra,Thane,Vashi,Tur,Demo,FAQ,2026-07-12,7101.85,7575.07,7310.14,118.0
Maharashtra,Thane,Vashi,Tur,Demo,FAQ,2026-07-19,7374.11,7779.91,7504.1,77.3
Maharashtra,Thane,Vashi,Tur,Demo,FAQ,2026-07-26,7297.49,7631.27,7432.0,128.5
Maharashtra,Thane,Vashi,Tur,Demo,FAQ,2026-08-02,7334.16,7735.02,7513.5,114.4
Maharashtra,Thane,Vashi,Tur,Demo,FAQ,2026-08-09,7218.13,7613.95,7400.99,129.9
Maharashtra,Thane,Vashi,Tur,Demo,FAQ,2026-08-16,7493.22,7802.73,7668.69,142.4
Maharashtra,Thane,Vashi,Tur,Demo,FAQ,2026-08-23,7582.65,7876.33,7721.43,95.8
Maharashtra,Thane,Vashi,Tur,Demo,FAQ,2026-08-30,7441.67,7826.34,7576.94,153.8
Maharashtra,Thane,Vashi,Bajra,Demo,FAQ,2025-08-31,2455.13,2715.24,2567.26,137.5
Maharashtra,Thane,Vashi,Bajra,Demo,FAQ,2025-09-07,2403.55,2622.2,2484.22,89.3
Maharashtra,Thane,Vashi,Bajra,Demo,FAQ,2025-09-14,2333.19,2577.53,2421.17,98.0
Maharashtra,Thane,Vashi,Bajra,Demo,FAQ,2025-09-21,2414.94,2689.35,2526.89,120.7
Maharashtra,Thane,Vashi,Bajra,Demo,FAQ,2025-09-28,2500.48,2758.08,2659.61,136.9
Maharashtra,Thane,Vashi,Bajra,Demo,FAQ,2025-10-05,2526.67,2684.09,2609.65,137.5
Maharashtra,Thane,Vashi,Bajra,Demo,FAQ,2025-10-12,2727.48,2939.03,2833.3,158.3
Maharashtra,Thane,Vashi,Bajra,Demo,FAQ,2025-10-19,2713.36,2997.15,2840.22,198.2
Maharashtra,Thane,Vashi,Bajra,Demo,FAQ,2025-10-26,2364.4,2679.48,2527.28,198.7
Maharashtra,Thane,Vashi,Bajra,Demo,FAQ,2025-11-02,2593.7,2883.19,2746.35,175.0
Maharashtra,Thane,Vashi,Bajra,Demo,FAQ,2025-11-09,2709.66,2950.54,2821.28,180.5
Maharashtra,Thane,Vashi,Bajra,Demo,FAQ,2025-11-16,2767.6,3039.07,2890.51,202.1
Maharashtra,Thane,Vashi,Bajra,Demo,FAQ,2025-11-23,2634.85,2826.68,2723.45,181.3
Maharashtra,Thane,Vashi,Bajra,Demo,FAQ,2025-11-30,2630.97,2853.9,2778.03,163.5
Maharashtra,Thane,Vashi,Bajra,Demo,FAQ,2025-12-07,2833.48,3023.8,2918.18,161.8
Maharashtra,Thane,Vashi,Bajra,Demo,FAQ,2025-12-14,2655.98,2897.34,2815.48,174.2
Maharashtra,Thane,Vashi,Bajra,Demo,FAQ,2025-12-21,2708.74,2920.01,2791.28,129.3
Maharashtra,Thane,Vashi,Bajra,Demo,FAQ,2025-12-28,2762.03,2971.54,2887.52,158.8
Maharashtra,Thane,Vashi,Bajra,Demo,FAQ,2026-01-04,2573.92,2800.17,2680.79,101.2
Maharashtra,Thane,Vashi,Bajra,Demo,FAQ,2026-01-11,2574.74,2850.36,2690.9,147.3
Maharashtra,Thane,Vashi,Bajra,Demo,FAQ,2026-01-18,2615.17,2870.23,2766.96,142.4
Maharashtra,Thane,Vashi,Bajra,Demo,FAQ,2026-01-25,2572.06,2820.03,2663.79,147.9
Maharashtra,Thane,Vashi,Bajra,Demo,FAQ,2026-02-01,2438.42,2634.74,2550.83,105.4
Maharashtra,Thane,Vashi,Bajra,Demo,FAQ,2026-02-08,2480.98,2791.1,2629.93,113.5
Maharashtra,Thane,Vashi,Bajra,Demo,FAQ,2026-02-15,2499.58,2793.68,2631.25,160.9
Maharashtra,Thane,Vashi,Bajra,Demo,FAQ,2026-02-22,2403.73,2662.47,2521.94,194.1
Maharashtra,Thane,Vashi,Bajra,Demo,FAQ,2026-03-01,2325.1,2476.22,2403.61,135.4
Maharashtra,Thane,Vashi,Bajra,Demo,FAQ,2026-03-08,2275.91,2546.28,2400.71,153.6
Maharashtra,Thane,Vashi,Bajra,Demo,FAQ,2026-03-15,2239.59,2520.83,2395.84,174.5
Maharashtra,Thane,Vashi,Bajra,Demo,FAQ,2026-03-22,2268.87,2503.11,2388.56,190.4
Maharashtra,Thane,Vashi,Bajra,Demo,FAQ,2026-03-29,2266.5,2505.06,2344.74,143.7
Maharashtra,Thane,Vashi,Bajra,Demo,FAQ,2026-04-05,2282.92,2559.34,2438.14,190.2
Maharashtra,Thane,Vashi,Bajra,Demo,FAQ,2026-04-12,2158.78,2437.07,2305.81,156.1
Maharashtra,Thane,Vashi,Bajra,Demo,FAQ,2026-04-19,2058.55,2342.27,2201.96,135.0
Maharashtra,Thane,Vashi,Bajra,Demo,FAQ,2026-04-26,2175.97,2385.89,2276.97,97.9
Maharashtra,Thane,Vashi,Bajra,Demo,FAQ,2026-05-03,2008.87,2204.69,2115.06,151.2
Maharashtra,Thane,Vashi,Bajra,Demo,FAQ,2026-05-10,2019.01,2289.01,2147.61,94.7
Maharashtra,Thane,Vashi,Bajra,Demo,FAQ,2026-05-17,1969.18,2228.85,2096.65,141.7
Maharashtra,Thane,Vashi,Bajra,Demo,FAQ,2026-05-24,2241.76,2414.14,2333.48,117.3
Maharashtra,Thane,Vashi,Bajra,Demo,FAQ,2026-05-31,2038.0,2260.6,2151.01,133.9
Maharashtra,Thane,Vashi,Bajra,Demo,FAQ,2026-06-07,2201.8,2460.69,2319.65,82.4
Maharashtra,Thane,Vashi,Bajra,Demo,FAQ,2026-06-14,2200.49,2376.33,2297.94,97.2
Maharashtra,Thane,Vashi,Bajra,Demo,FAQ,2026-06-21,2002.27,2200.82,2112.29,75.9
Maharashtra,Thane,Vashi,Bajra,Demo,FAQ,2026-06-28,2167.26,2464.58,2302.59,76.3
Maharashtra,Thane,Vashi,Bajra,Demo,FAQ,2026-07-05,2224.26,2438.72,2328.04,122.5
Maharashtra,Thane,Vashi,Bajra,Demo,FAQ,2026-07-12,2169.83,2344.99,2269.67,96.9
Maharashtra,Thane,Vashi,Bajra,Demo,FAQ,2026-07-19,2190.27,2387.12,2280.28,111.3
Maharashtra,Thane,Vashi,Bajra,Demo,FAQ,2026-07-26,2345.99,2566.28,2448.22,123.7
Maharashtra,Thane,Vashi,Bajra,Demo,FAQ,2026-08-02,2412.85,2685.2,2529.08,136.7
Maharashtra,Thane,Vashi,Bajra,Demo,FAQ,2026-08-09,2382.23,2571.47,2460.06,143.4
Maharashtra,Thane,Vashi,Bajra,Demo,FAQ,2026-08-16,2395.38,2623.99,2511.95,120.4
Maharashtra,Thane,Vashi,Bajra,Demo,FAQ,2026-08-23,2303.2,2458.45,2383.79,126.9
Maharashtra,Thane,Vashi,Bajra,Demo,FAQ,2026-08-30,2195.61,2395.57,2269.11,152.8
Maharashtra,Thane,Vashi,Jowar,Demo,FAQ,2025-08-31,2510.92,2776.96,2625.6,115.5
Maharashtra,Thane,Vashi,Jowar,Demo,FAQ,2025-09-07,2458.18,2681.8,2540.68,125.1
Maharashtra,Thane,Vashi,Jowar,Demo,FAQ,2025-09-14,2386.22,2636.11,2476.19,144.4
Maharashtra,Thane,Vashi,Jowar,Demo,FAQ,2025-09-21,2469.83,2750.47,2584.32,103.6
Maharashtra,Thane,Vashi,Jowar,Demo,FAQ,2025-09-28,2557.3,2820.77,2720.05,176.6
Maharashtra,Thane,Vashi,Jowar,Demo,FAQ,2025-10-05,2584.09,2745.08,2668.97,102.2
Maharashtra,Thane,Vashi,Jowar,Demo,FAQ,2025-10-12,2789.48,3005.83,2897.7,160.6
Maharashtra,Thane,Vashi,Jowar,Demo,FAQ,2025-10-19,2775.03,3065.26,2904.78,127.0
Maharashtra,Thane,Vashi,Jowar,Demo,FAQ,2025-10-26,2418.13,2740.38,2584.71,114.4
Maharashtra,Thane,Vashi,Jowar,Demo,FAQ,2025-11-02,2652.65,2948.71,2808.77,189.6
Maharashtra,Thane,Vashi,Jowar,Demo,FAQ,2025-11-09,2771.25,3017.6,2885.41,167.1
Maharashtra,Thane,Vashi,Jowar,Demo,FAQ,2025-11-16,2830.5,3108.14,2956.2,155.9
Maharashtra,Thane,Vashi,Jowar,Demo,FAQ,2025-11-23,2694.74,2890.92,2785.35,136.6
Maharashtra,Thane,Vashi,Jowar,Demo,FAQ,2025-11-30,2690.76,2918.76,2841.17,171.9
Maharashtra,Thane,Vashi,Jowar,Demo,FAQ,2025-12-07,2897.87,3092.52,2984.5,123.1
Maharashtra,Thane,Vashi,Jowar,Demo,FAQ,2025-12-14,2716.34,2963.19,2879.48,137.5
Maharashtra,Thane,Vashi,Jowar,Demo,FAQ,2025-12-21,2770.3,2986.37,2854.72,178.4
Maharashtra,Thane,Vashi,Jowar,Demo,FAQ,2025-12-28,2824.8,3039.08,2953.15,105.9
Maharashtra,Thane,Vashi,Jowar,Demo,FAQ,2026-01-04,2632.42,2863.81,2741.73,134.9
Maharashtra,Thane,Vashi,Jowar,Demo,FAQ,2026-01-11,2633.26,2915.14,2752.05,139.9
Maharashtra,Thane,Vashi,Jowar,Demo,FAQ,2026-01-18,2674.61,2935.46,2829.84,112.9
Maharashtra,Thane,Vashi,Jowar,Demo,FAQ,2026-01-25,2630.52,2884.12,2724.32,102.7
Maharashtra,Thane,Vashi,Jowar,Demo,FAQ,2026-02-01,2493.85,2694.62,2608.8,141.3
Maharashtra,Thane,Vashi,Jowar,Demo,FAQ,2026-02-08,2537.36,2854.54,2689.7,126.5
Maharashtra,Thane,Vashi,Jowar,Demo,FAQ,2026-02-15,2556.39,2857.17,2691.05,184.9
Maharashtra,Thane,Vashi,Jowar,Demo,FAQ,2026-02-22,2458.36,2722.98,2579.26,159.0
Maharashtra,Thane,Vashi,Jowar,Demo,FAQ,2026-03-01,2377.95,2532.5,2458.24,128.0
Maharashtra,Thane,Vashi,Jowar,Demo,FAQ,2026-03-08,2327.64,2604.16,2455.27,188.9
Maharashtra,Thane,Vashi,Jowar,Demo,FAQ,2026-03-15,2290.48,2578.13,2450.3,111.5
Maharashtra,Thane,Vashi,Jowar,Demo,FAQ,2026-03-22,2320.44,2559.99,2442.85,141.3
Maharashtra,Thane,Vashi,Jowar,Demo,FAQ,2026-03-29,2318.02,2562.0,2398.03,188.5
Maharashtra,Thane,Vashi,Jowar,Demo,FAQ,2026-04-05,2334.8,2617.52,2493.56,108.3
Maharashtra,Thane,Vashi,Jowar,Demo,FAQ,2026-04-12,2207.84,2492.47,2358.22,162.8
Maharashtra,Thane,Vashi,Jowar,Demo,FAQ,2026-04-19,2105.34,2395.51,2252.01,135.0
Maharashtra,Thane,Vashi,Jowar,Demo,FAQ,2026-04-26,2225.42,2440.11,2328.72,146.3
Maharashtra,Thane,Vashi,Jowar,Demo,FAQ,2026-05-03,2054.53,2254.79,2163.13,159.3
Maharashtra,Thane,Vashi,Jowar,Demo,FAQ,2026-05-10,2064.89,2341.04,2196.42,90.8
Maharashtra,Thane,Vashi,Jowar,Demo,FAQ,2026-05-17,2013.94,2279.5,2144.3,156.7
Maharashtra,Thane,Vashi,Jowar,Demo,FAQ,2026-05-24,2292.71,2469.01,2386.51,144.4
Maharashtra,Thane,Vashi,Jowar,Demo,FAQ,2026-05-31,2084.32,2311.99,2199.9,84.4
Maharashtra,Thane,Vashi,Jowar,Demo,FAQ,2026-06-07,2251.84,2516.62,2372.37,95.0
Maharashtra,Thane,Vashi,Jowar,Demo,FAQ,2026-06-14,2250.51,2430.35,2350.17,116.8
Maharashtra,Thane,Vashi,Jowar,Demo,FAQ,2026-06-21,2047.77,2250.84,2160.3,101.4
Maharashtra,Thane,Vashi,Jowar,Demo,FAQ,2026-06-28,2216.52,2520.6,2354.91,132.1
Maharashtra,Thane,Vashi,Jowar,Demo,FAQ,2026-07-05,2274.81,2494.14,2380.95,81.9
Maharashtra,Thane,Vashi,Jowar,Demo,FAQ,2026-07-12,2219.15,2398.29,2321.25,117.2
Maharashtra,Thane,Vashi,Jowar,Demo,FAQ,2026-07-19,2240.05,2441.37,2332.11,80.5
Maharashtra,Thane,Vashi,Jowar,Demo,FAQ,2026-07-26,2399.31,2624.59,2503.86,89.1
Maharashtra,Thane,Vashi,Jowar,Demo,FAQ,2026-08-02,2467.68,2746.23,2586.56,121.0
Maharashtra,Thane,Vashi,Jowar,Demo,FAQ,2026-08-09,2436.37,2629.91,2515.97,138.3
Maharashtra,Thane,Vashi,Jowar,Demo,FAQ,2026-08-16,2449.82,2683.62,2569.05,109.0
Maharashtra,Thane,Vashi,Jowar,Demo,FAQ,2026-08-23,2355.56,2514.32,2437.97,127.8
Maharashtra,Thane,Vashi,Jowar,Demo,FAQ,2026-08-30,2245.51,2450.01,2320.68,136.7
